-- phpMyAdmin SQL Dump
-- version 5.2.0
-- https://www.phpmyadmin.net/
--
-- Gép: localhost
-- Létrehozás ideje: 2022. Nov 30. 21:08
-- Kiszolgáló verziója: 10.4.21-MariaDB
-- PHP verzió: 8.1.6

SET SQL_MODE = "NO_AUTO_VALUE_ON_ZERO";
START TRANSACTION;
SET time_zone = "+00:00";


/*!40101 SET @OLD_CHARACTER_SET_CLIENT=@@CHARACTER_SET_CLIENT */;
/*!40101 SET @OLD_CHARACTER_SET_RESULTS=@@CHARACTER_SET_RESULTS */;
/*!40101 SET @OLD_COLLATION_CONNECTION=@@COLLATION_CONNECTION */;
/*!40101 SET NAMES utf8mb4 */;

--
-- Adatbázis: `szoftverleltar`
--

-- --------------------------------------------------------

--
-- Tábla szerkezet ehhez a táblához `gep`
--

CREATE TABLE `gep` (
  `id` int(50) NOT NULL,
  `hely` varchar(250) COLLATE utf8mb4_hungarian_ci NOT NULL,
  `tipus` varchar(250) COLLATE utf8mb4_hungarian_ci NOT NULL,
  `ipcim` varchar(250) COLLATE utf8mb4_hungarian_ci NOT NULL
) ENGINE=InnoDB DEFAULT CHARSET=utf8mb4 COLLATE=utf8mb4_hungarian_ci;

--
-- A tábla adatainak kiíratása `gep`
--

INSERT INTO `gep` (`id`, `hely`, `tipus`, `ipcim`) VALUES
(1, 'T403', 'asztali', '192.168.2.1'),
(2, 'T212', 'asztali', '192.168.2.2'),
(3, 'T302', 'asztali', '192.168.2.3'),
(4, 'T108', 'notebook', '192.168.1.1'),
(5, 'T301', 'asztali', '192.168.2.4'),
(6, 'T306', 'asztali', '192.168.2.5'),
(7, 'T209', 'notebook', '192.168.4.1'),
(8, 'T208', 'notebook', '192.168.4.2'),
(9, 'T110', 'notebook', '192.168.1.2'),
(10, 'T310', 'asztali', '192.168.2.6'),
(11, 'T207', 'asztali', '192.168.2.7'),
(12, 'T109', 'notebook', '192.168.1.3'),
(13, 'T104', 'asztali', '192.168.2.8'),
(14, 'T208', 'notebook', '192.168.4.3'),
(15, 'T106', 'notebook', '192.168.1.4'),
(16, 'T201', 'asztali', '192.168.2.9'),
(17, 'T309', 'asztali', '192.168.2.10'),
(18, 'T402', 'asztali', '192.168.2.11'),
(19, 'T404', 'asztali', '192.168.2.12'),
(20, 'T110', 'notebook', '192.168.1.5'),
(21, 'T107', 'asztali', '192.168.2.13'),
(22, 'T205', 'notebook', '192.168.1.6'),
(23, 'T010', 'asztali', '192.168.2.14'),
(24, 'T009', 'asztali', '192.168.2.15'),
(25, 'T001', 'notebook', '192.168.1.7'),
(26, 'T401', 'notebook', '192.168.1.8'),
(27, 'T305', 'asztali', '192.168.3.1'),
(28, 'T102', 'notebook', '192.168.1.9'),
(29, 'T208', 'notebook', '192.168.4.4'),
(30, 'T408', 'asztali', '192.168.2.16'),
(31, 'T007', 'asztali', '192.168.3.2'),
(32, 'T011', 'notebook', '192.168.1.10'),
(33, 'T004', 'asztali', '192.168.2.17'),
(34, 'T202', 'asztali', '192.168.2.18'),
(35, 'T006', 'asztali', '192.168.3.3'),
(36, 'T407', 'asztali', '192.168.2.19'),
(37, 'T304', 'notebook', '192.168.1.11'),
(38, 'T203', 'notebook', '192.168.1.12'),
(39, 'T105', 'asztali', '192.168.2.20'),
(40, 'T103', 'asztali', '192.168.2.21'),
(41, 'T003', 'notebook', '192.168.1.13'),
(42, 'T311', 'asztali', '192.168.2.22'),
(43, 'T007', 'asztali', '192.168.3.4'),
(44, 'T008', 'asztali', '192.168.2.23'),
(45, 'T206', 'asztali', '192.168.2.24'),
(46, 'T307', 'asztali', '192.168.2.25'),
(47, 'T106', 'notebook', '192.168.1.14'),
(48, 'T312', 'asztali', '192.168.2.26'),
(49, 'T308', 'notebook', '192.168.1.15'),
(50, 'T211', 'notebook', '192.168.1.16'),
(51, 'T406', 'asztali', '192.168.2.27'),
(52, 'T002', 'asztali', '192.168.2.28'),
(53, 'T012', 'asztali', '192.168.2.29'),
(54, 'T110', 'notebook', '192.168.1.17'),
(55, 'T102', 'notebook', '192.168.1.18'),
(56, 'T108', 'notebook', '192.168.1.19'),
(57, 'T303', 'asztali', '192.168.2.30'),
(58, 'T005', 'notebook', '192.168.1.20'),
(59, 'T006', 'asztali', '192.168.3.5'),
(60, 'T203', 'notebook', '192.168.1.21'),
(61, 'T111', 'asztali', '192.168.2.31'),
(62, 'T208', 'notebook', '192.168.4.5'),
(63, 'T106', 'notebook', '192.168.1.22'),
(64, 'T409', 'notebook', '192.168.1.23'),
(65, 'T005', 'notebook', '192.168.1.24'),
(66, 'T101', 'asztali', '192.168.2.32'),
(67, 'T005', 'notebook', '192.168.1.25'),
(68, 'T405', 'asztali', '192.168.2.33'),
(69, 'T305', 'asztali', '192.168.3.6'),
(70, 'T204', 'asztali', '192.168.2.34'),
(71, 'T112', 'notebook', '192.168.1.26'),
(72, 'T305', 'asztali', '192.168.3.7'),
(73, 'T003', 'notebook', '192.168.1.27'),
(74, 'T305', 'asztali', '192.168.3.8'),
(75, 'T210', 'asztali', '192.168.2.35'),
(76, 'T208', 'notebook', '192.168.4.6');

-- --------------------------------------------------------

--
-- Tábla szerkezet ehhez a táblához `hibernate_sequence`
--

CREATE TABLE `hibernate_sequence` (
  `next_val` bigint(20) DEFAULT NULL
) ENGINE=InnoDB DEFAULT CHARSET=utf8mb4 COLLATE=utf8mb4_hungarian_ci;

--
-- A tábla adatainak kiíratása `hibernate_sequence`
--

INSERT INTO `hibernate_sequence` (`next_val`) VALUES
(1),
(1),
(1);

-- --------------------------------------------------------

--
-- Tábla szerkezet ehhez a táblához `szoftver`
--

CREATE TABLE `szoftver` (
  `id` int(50) NOT NULL,
  `nev` varchar(250) COLLATE utf8mb4_hungarian_ci NOT NULL,
  `kategoria` varchar(250) COLLATE utf8mb4_hungarian_ci NOT NULL
) ENGINE=InnoDB DEFAULT CHARSET=utf8mb4 COLLATE=utf8mb4_hungarian_ci;

--
-- A tábla adatainak kiíratása `szoftver`
--

INSERT INTO `szoftver` (`id`, `nev`, `kategoria`) VALUES
(1, 'AIR', 'plug-in'),
(2, 'FastStone Image Viewer', 'képkezelés'),
(5, 'InfraRecorder', 'DVD-írás'),
(7, 'PDF Split And Merge Basic', 'pdf-manipulálás'),
(9, 'CCleaner', 'gépkarbantartás'),
(11, 'Tracker', 'fizika oktatás'),
(12, 'Acrobat Reader', 'pdf-olvasás'),
(13, 'Multivox 4 Magyar szövegfelolvasó', 'szövegfelolvasó'),
(14, 'WinMerge', 'fájlösszehasonlítás'),
(15, 'Free Pascal', 'fejlesztő környezet'),
(17, 'Geany', 'editor'),
(18, 'Euler3D', 'matematika oktatás'),
(19, 'IrfanView', 'képkezelés'),
(20, 'Blender', 'modellezés'),
(21, 'Flash Player ActiveX', 'plug-in'),
(22, 'CDBurnerXP', 'DVD-írás'),
(23, 'Java SE Development Kit', 'fejlesztő környezet'),
(24, 'Flash Player PPAPI', 'plug-in'),
(25, 'SharePoint Designer 2007', 'webszerkesztés'),
(27, 'K-Lite Mega Codec Pack', 'médialejátszás'),
(28, 'Notepad++', 'editor'),
(29, 'PatchCleaner', 'gépkarbantartás'),
(30, 'Audacity', 'hangszerkesztés'),
(34, 'Java', 'plug-in'),
(35, 'Visual Studio 2013', 'fejlesztő környezet'),
(36, 'Greenshot', 'képernyőkép-készítés'),
(38, 'Lynx 4', 'interaktív tábla'),
(39, 'PuTTY', 'távoli terminál'),
(40, 'Google Föld', 'virtuális földgömb'),
(42, 'PDFCreator', 'pdf-generálás'),
(44, 'MuseScore', 'kottaírás'),
(45, 'Disk Drill', 'adathelyreállítás'),
(46, 'Flash Player NPAPI', 'plug-in'),
(48, 'Google Drive', 'online fájltárolás'),
(49, 'Google Earth', 'virtuális földgömb'),
(50, 'Filzip', 'tömörítés'),
(51, 'FreeCommander XE', 'fájlkezelés'),
(53, 'Reader', 'pdf-olvasás'),
(54, 'Wings 3D', 'modellezés'),
(55, 'Windows Live Essentials', 'alkalmazás gyűjtemény'),
(56, 'Imagine', 'fejlesztő környezet'),
(57, 'LibreOffice', 'irodai programcsomag'),
(58, 'Windows Live Messenger', 'azonnali üzenetküldés'),
(59, 'Scratch 2 Offline Editor', 'fejlesztő környezet'),
(60, 'Inkscape', 'vektorgarfikus szerkesztés'),
(61, 'Adafor', 'adminisztráció'),
(62, 'Skype', 'azonnali üzenetküldés'),
(63, 'Mozilla Firefox', 'böngészés'),
(64, 'Opera', 'böngészés'),
(65, 'Dev-C++', 'fejlesztő környezet'),
(66, 'NetBeans IDE', 'fejlesztő környezet'),
(67, 'Shockwave Player', 'plug-in'),
(68, 'Foxit Reader', 'pdf-olvasás'),
(69, 'Movie Maker', 'videószerkesztés'),
(70, 'Silverlight', 'plug-in'),
(71, 'KompoZer', 'webszerkesztés'),
(72, 'SMART Notebook Interactive Viewer', 'interaktív tábla'),
(73, 'Euklides', 'matematika oktatás'),
(74, 'paint.net', 'képszerkesztés'),
(75, 'WinSCP', 'távoli fájlhozzáférés'),
(76, 'SVG Viewer', 'plug-in'),
(78, 'VUE', 'gondolattérkép készítés'),
(79, 'mimio Studio', 'interaktív tábla'),
(80, 'Real Alternative', 'médialejátszás'),
(81, 'XnView', 'képkezelés'),
(82, 'Windows Live Movie Maker', 'videószerkesztés'),
(83, 'Picasa', 'képszerkesztés'),
(84, 'SMART Notebook', 'interaktív tábla'),
(85, 'Double Commander', 'fájlkezelés'),
(86, 'ImgBurn', 'DVD-írás'),
(87, 'Google Chrome', 'böngészés'),
(88, 'VLC media player', 'médialejátszás'),
(89, 'FileZilla Client', 'távoli fájlhozzáférés'),
(90, 'GeoGebra', 'matematika oktatás'),
(91, 'FFmpeg for Audacity', 'hangszerkesztés'),
(92, 'BS.Player FREE', 'médialejátszás'),
(94, 'Dia', 'diagramkészítés'),
(95, 'Visual Studio 2015', 'fejlesztő környezet'),
(96, 'Open-Sankoré', 'interaktív tábla'),
(97, 'GIMP', 'képszerkesztés'),
(99, 'Freeplane', 'gondolattérkép készítés'),
(101, 'Dropbox', 'online fájltárolás'),
(102, '7-Zip', 'tömörítés'),
(103, 'K-Lite Codec Pack', 'médialejátszás'),
(104, 'EclipseCrossword', 'keresztrejtvény készítés'),
(105, 'FreeMind', 'gondolattérkép készítés');

-- --------------------------------------------------------

--
-- Tábla szerkezet ehhez a táblához `telepites`
--

CREATE TABLE `telepites` (
  `id` int(50) NOT NULL,
  `gepid` int(50) NOT NULL,
  `szoftverid` int(50) NOT NULL,
  `verzio` varchar(250) COLLATE utf8mb4_hungarian_ci DEFAULT NULL,
  `datum` date DEFAULT NULL
) ENGINE=InnoDB DEFAULT CHARSET=utf8mb4 COLLATE=utf8mb4_hungarian_ci;

--
-- A tábla adatainak kiíratása `telepites`
--

INSERT INTO `telepites` (`id`, `gepid`, `szoftverid`, `verzio`, `datum`) VALUES
(802, 11, 102, 'ver16.04', NULL),
(803, 29, 102, 'ver16.04.00.0', '2016-12-06'),
(804, 34, 5, 'ver0.53.00.00', '2013-08-30'),
(805, 76, 39, 'ver0.67', '2016-04-25'),
(806, 24, 19, 'ver4.42', NULL),
(807, 1, 55, 'ver15.4.3502.0922', '2011-07-21'),
(808, 70, 87, 'ver55.0.2883.87', '2016-12-13'),
(809, 3, 34, 'ver6.0.450', '2016-12-07'),
(810, 49, 63, 'ver49.0.1', NULL),
(811, 21, 83, 'ver3.9.141.259', NULL),
(812, 31, 90, 'ver4.0.41.0', '2012-11-02'),
(813, 34, 74, 'ver4.0.12', '2016-11-05'),
(814, 2, 72, 'ver2.0.103.0', '2016-10-24'),
(815, 34, 90, 'ver5.0.286.0', '2016-11-05'),
(816, 13, 14, 'ver2.14.0', '2015-06-25'),
(817, 14, 17, 'ver1.22', NULL),
(818, 76, 76, 'ver3.0', NULL),
(819, 50, 34, 'ver6.0.450', '2016-08-26'),
(820, 16, 86, 'ver2.5.8.0', '2016-05-01'),
(821, 73, 102, 'ver16.02', NULL),
(822, 66, 7, 'ver3.0.20.0', '2016-05-03'),
(823, 12, 29, 'ver1.4.20', '2016-05-03'),
(824, 74, 102, 'ver9.10', NULL),
(825, 29, 70, 'ver5.1.41212.0', '2016-01-26'),
(826, 56, 81, 'ver2.39', '2016-11-23'),
(827, 20, 42, 'ver2.4.1', '2016-12-05'),
(828, 56, 48, 'ver1.32.4066.7445', '2016-12-15'),
(829, 47, 30, 'ver2.1.2', '2016-04-24'),
(830, 36, 63, 'ver50.0.2', NULL),
(831, 22, 57, 'ver5.2.3.3', '2016-11-30'),
(832, 32, 30, 'ver2.1.2', '2016-11-03'),
(833, 71, 22, 'ver4.5.7.6282', '2016-08-19'),
(834, 10, 70, 'ver5.1.50901.0', '2016-10-12'),
(835, 23, 12, 'ver15.020.20042', '2016-11-07'),
(836, 66, 1, 'ver23.0.0.257', '2016-09-14'),
(837, 13, 9, 'ver5.24', NULL),
(838, 14, 19, 'ver4.42', NULL),
(839, 33, 88, 'ver2.2.4', NULL),
(840, 12, 51, NULL, '2014-08-15'),
(841, 70, 19, 'ver4.42', NULL),
(842, 22, 19, 'ver4.42', NULL),
(843, 54, 85, 'ver0.7.0', '2016-03-25'),
(844, 40, 87, 'ver50.0.2661.75', '2016-04-19'),
(845, 13, 64, 'ver41.0.2353.69', NULL),
(846, 41, 75, 'ver5.9.3', '2016-12-05'),
(847, 74, 62, 'ver7.30.105', '2016-11-23'),
(848, 63, 102, 'ver16.04', NULL),
(849, 52, 89, 'ver3.22.2.2', NULL),
(850, 21, 96, NULL, '2013-05-25'),
(851, 14, 30, 'ver2.1.2', '2016-03-30'),
(852, 43, 68, 'ver8.1.0.1013', '2016-11-12'),
(853, 11, 63, 'ver50.1.0', NULL),
(854, 17, 38, 'ver4', '2011-11-16'),
(855, 18, 88, 'ver2.2.4', NULL),
(856, 47, 88, 'ver2.2.4', NULL),
(857, 44, 30, 'ver2.1.0', '2015-06-24'),
(858, 59, 39, 'ver0.67', '2016-04-13'),
(859, 45, 89, 'ver3.23.0.2', NULL),
(860, 29, 30, 'ver2.0.5', '2014-08-30'),
(861, 12, 12, 'ver15.020.20042', '2016-11-05'),
(862, 58, 12, 'ver15.020.20042', '2016-11-07'),
(863, 55, 30, 'ver2.1.2', '2016-04-11'),
(864, 38, 68, 'ver8.1.1.1115', '2016-11-23'),
(865, 14, 36, 'ver1.2.4.10', '2015-02-15'),
(866, 28, 90, 'ver5.0.229.0', '2016-04-24'),
(867, 62, 83, 'ver3.9.141.259', NULL),
(868, 45, 49, 'ver7.1.7.2606', '2016-10-21'),
(869, 63, 34, 'ver8.0.1120.15', '2016-11-24'),
(870, 58, 48, 'ver1.32.3889.0961', '2016-11-22'),
(871, 4, 7, 'ver3.0.20.0', '2016-11-24'),
(872, 36, 53, 'ver10.1.16', '2016-05-03'),
(873, 32, 59, 'ver451', NULL),
(874, 22, 23, 'ver8.0.310.13', '2015-02-05'),
(875, 54, 60, 'ver0.91', '2015-02-02'),
(876, 32, 44, 'ver2.0.3', '2016-11-04'),
(877, 38, 87, 'ver55.0.2883.87', '2016-12-15'),
(878, 8, 7, 'ver2.2.2', '2013-05-16'),
(879, 23, 80, 'ver2.0.2', '2012-11-02'),
(880, 28, 1, 'ver23.0.0.257', '2016-09-15'),
(881, 38, 102, 'ver16.04', NULL),
(882, 15, 48, 'ver1.32.4066.7445', '2016-12-13'),
(883, 8, 88, 'ver2.2.4', NULL),
(884, 59, 87, 'ver55.0.2883.87', '2016-12-13'),
(885, 67, 78, 'ver3.2.2', NULL),
(886, 40, 96, NULL, '2014-08-19'),
(887, 53, 34, 'ver8.0.770.3', '2016-04-03'),
(888, 11, 1, 'ver24.0.0.180', '2016-12-14'),
(889, 52, 97, 'ver2.8.18', '2016-09-12'),
(890, 45, 97, 'ver2.8.18', '2016-09-02'),
(891, 24, 80, 'ver2.0.2', '2012-05-16'),
(892, 28, 87, 'ver54.0.2840.99', '2016-11-05'),
(893, 12, 34, 'ver8.0.1120.15', '2016-11-05'),
(894, 76, 22, 'ver4.5.4.5306', '2015-02-15'),
(895, 14, 85, 'ver0.5.4', '2013-05-16'),
(896, 31, 102, 'ver16.04.00.0', '2016-11-07'),
(897, 39, 94, NULL, NULL),
(898, 22, 17, 'ver1.23.1', NULL),
(899, 37, 21, 'ver18.0.0.366', NULL),
(900, 28, 85, 'ver0.5.7', '2014-02-22'),
(901, 39, 66, 'ver7.2.1', NULL),
(902, 9, 21, 'ver24.0.0.186', NULL),
(903, 33, 29, 'ver1.4.20', '2016-08-21'),
(904, 33, 5, 'ver0.53.00.00', '2013-08-29'),
(905, 58, 57, 'ver5.2.3.3', '2016-11-22'),
(906, 9, 67, 'ver12.2.5.195', NULL),
(907, 13, 48, 'ver1.32.3889.0961', '2016-12-06'),
(908, 51, 21, 'ver24.0.0.186', NULL),
(909, 11, 20, 'ver2.78.1', '2016-11-03'),
(910, 24, 46, 'ver24.0.0.186', NULL),
(911, 61, 75, 'ver5.9.2', '2016-11-05'),
(912, 39, 21, 'ver24.0.0.186', NULL),
(913, 70, 70, 'ver5.1.50901.0', '2016-10-12'),
(914, 54, 22, 'ver4.5.7.6389', '2016-11-05'),
(915, 53, 70, 'ver5.1.41212.0', '2016-04-03'),
(916, 15, 14, 'ver2.14.0', '2015-02-05'),
(917, 22, 42, 'ver2.4.1', '2016-11-30'),
(918, 39, 102, 'ver16.04', NULL),
(919, 44, 68, 'ver8.1.0.1013', '2016-11-12'),
(920, 61, 64, 'ver41.0.2353.46', NULL),
(921, 73, 81, 'ver2.36', '2016-08-20'),
(922, 24, 5, 'ver0.53.00.00', '2013-08-27'),
(923, 45, 36, 'ver1.2.6.7', '2015-06-25'),
(924, 12, 67, 'ver12.2.5.195', NULL),
(925, 71, 30, 'ver2.1.2', '2016-04-11'),
(926, 20, 21, 'ver24.0.0.186', NULL),
(927, 15, 70, 'ver5.1.50901.0', '2016-10-12'),
(928, 38, 7, 'ver3.0.20.0', '2016-11-24'),
(929, 8, 5, 'ver0.53.00.00', '2013-05-16'),
(930, 62, 67, 'ver12.2.5.195', NULL),
(931, 32, 13, 'ver1.16', NULL),
(932, 65, 102, 'ver16.02', NULL),
(933, 29, 54, 'ver1.5.4', NULL),
(934, 9, 78, 'ver3.2.2', NULL),
(935, 11, 7, 'ver3.0.20.0', '2016-11-04'),
(936, 49, 56, 'ver2.0.0.372', NULL),
(937, 10, 1, 'ver23.0.0.257', '2016-10-10'),
(938, 71, 21, 'ver24.0.0.186', NULL),
(939, 71, 48, 'ver1.32.3889.0961', '2016-11-22'),
(940, 47, 1, 'ver23.0.0.257', '2016-09-20'),
(941, 12, 103, 'ver12.3.5', '2016-08-19'),
(942, 63, 103, 'ver12.6.0', '2016-11-23'),
(943, 20, 28, 'ver7.2.2', NULL),
(944, 21, 63, 'ver50.0', NULL),
(945, 72, 63, 'ver50.1.0', NULL),
(946, 12, 60, 'ver0.91', '2015-03-08'),
(947, 47, 57, 'ver5.2.0.4', '2016-08-19'),
(948, 32, 22, 'ver4.5.7.6389', '2016-11-04'),
(949, 49, 84, 'ver11.0.705.1', '2013-01-07'),
(950, 24, 57, 'ver5.2.0.4', '2016-08-24'),
(951, 21, 67, 'ver12.2.5.195', NULL),
(952, 34, 7, 'ver2.2.1', NULL),
(953, 22, 102, 'ver16.04.00.0', '2016-11-02'),
(954, 32, 89, 'ver3.23.0.2', NULL),
(955, 32, 90, 'ver5.0.286.0', '2016-11-04'),
(956, 41, 87, 'ver55.0.2883.87', '2016-12-13'),
(957, 31, 88, 'ver2.2.4', NULL),
(958, 52, 14, 'ver2.14.0', '2015-06-25'),
(959, 76, 28, 'ver7.2.2', NULL),
(960, 38, 90, 'ver5.0.286.0', '2016-11-23'),
(961, 13, 30, 'ver2.1.0', '2015-06-25'),
(962, 67, 103, 'ver12.3.5', '2016-08-21'),
(963, 21, 88, 'ver2.2.4', NULL),
(964, 54, 48, 'ver1.32.4066.7445', '2016-12-12'),
(965, 37, 68, 'ver3.1.3.1030', NULL),
(966, 39, 30, 'ver2.1.2', '2016-04-25'),
(967, 73, 1, 'ver24.0.0.180', '2016-12-14'),
(968, 3, 53, 'ver9.5.3', '2016-12-15'),
(969, 22, 70, 'ver5.1.50901.0', '2016-10-12'),
(970, 54, 39, 'ver0.67', '2016-03-25'),
(971, 14, 70, 'ver5.1.50901.0', '2016-10-12'),
(972, 47, 85, 'ver0.5.7', '2014-02-22'),
(973, 32, 75, 'ver5.9.3', '2016-12-05'),
(974, 40, 63, 'ver50.0', NULL),
(975, 61, 12, 'ver15.020.20042', '2016-11-05'),
(976, 46, 9, 'ver5.22', NULL),
(977, 34, 97, 'ver2.8.18', '2016-08-19'),
(978, 34, 78, 'ver3.2.2', NULL),
(979, 70, 60, 'ver0.91', '2016-08-26'),
(980, 60, 102, 'ver16.04', NULL),
(981, 76, 64, 'ver41.0.2353.69', NULL),
(982, 17, 46, 'ver23.0.0.207', NULL),
(983, 12, 73, NULL, NULL),
(984, 8, 97, 'ver2.8.18', '2016-08-22'),
(985, 20, 102, 'ver16.02', NULL),
(986, 31, 64, 'ver41.0.2353.69', NULL),
(987, 55, 29, 'ver1.4.20', '2016-04-25'),
(988, 38, 75, 'ver5.9.3', '2016-12-15'),
(989, 22, 74, 'ver4.0.10', '2016-08-19'),
(990, 11, 21, 'ver24.0.0.186', NULL),
(991, 39, 28, 'ver7.2.2', NULL),
(992, 34, 87, 'ver54.0.2840.87', '2016-11-05'),
(993, 9, 74, 'ver4.0.9', '2016-04-08'),
(994, 15, 51, NULL, '2014-08-15'),
(995, 63, 90, 'ver5.0.286.0', '2016-11-23'),
(996, 15, 30, 'ver2.1.0', '2015-07-24'),
(997, 29, 29, 'ver1.4.20', '2016-04-25'),
(998, 54, 94, NULL, NULL),
(999, 23, 1, 'ver23.0.0.257', '2016-11-12'),
(1000, 53, 64, 'ver36.0.2130.46', NULL),
(1001, 57, 53, 'ver10.1.16', '2016-05-24'),
(1002, 32, 21, 'ver23.0.0.207', NULL),
(1003, 62, 42, 'ver2.4.0', '2016-11-06'),
(1004, 21, 21, 'ver23.0.0.207', NULL),
(1005, 43, 46, 'ver24.0.0.186', NULL),
(1006, 76, 17, 'ver1.22', NULL),
(1007, 61, 9, 'ver5.23', NULL),
(1008, 13, 39, 'ver0.67', '2016-04-10'),
(1009, 39, 39, 'ver0.67', '2016-04-25'),
(1010, 1, 21, 'ver23.0.0.207', NULL),
(1011, 47, 21, 'ver23.0.0.207', NULL),
(1012, 45, 68, 'ver8.0.2.805', '2016-09-11'),
(1013, 55, 21, 'ver23.0.0.207', NULL),
(1014, 35, 87, 'ver55.0.2883.75', '2016-12-07'),
(1015, 73, 101, 'ver15.4.22', NULL),
(1016, 45, 74, 'ver4.0.9', '2016-04-12'),
(1017, 53, 1, 'ver21.0.0.176', '2016-04-03'),
(1018, 31, 80, 'ver2.0.2', '2012-11-02'),
(1019, 24, 61, 'ver1516.1.0', NULL),
(1020, 42, 56, 'ver2.0.0.372', NULL),
(1021, 2, 38, 'ver4', '2016-10-24'),
(1022, 44, 63, 'ver50.1.0', NULL),
(1023, 57, 84, 'ver10.8.364.0', '2011-11-28'),
(1024, 43, 14, 'ver2.14.0', '2013-08-26'),
(1025, 25, 7, 'ver3.0.20.0', '2016-11-24'),
(1026, 26, 29, 'ver1.4.20', '2016-11-11'),
(1027, 31, 87, 'ver55.0.2883.75', '2016-12-08'),
(1028, 7, 104, 'ver1.2.61', '2015-02-25'),
(1029, 70, 30, 'ver2.1.2', '2016-08-25'),
(1030, 67, 86, 'ver2.5.8.0', '2014-09-16'),
(1031, 4, 74, 'ver4.0.12', '2016-11-23'),
(1032, 70, 97, 'ver2.8.18', '2016-08-27'),
(1033, 68, 88, 'ver1.1.11', NULL),
(1034, 66, 49, 'ver7.1.7.2606', '2016-11-22'),
(1035, 63, 87, 'ver54.0.2840.99', '2016-11-23'),
(1036, 55, 83, 'ver3.9.141.259', NULL),
(1037, 56, 9, 'ver5.24', NULL),
(1038, 21, 36, 'ver1.1.9.13', '2014-08-30'),
(1039, 31, 12, 'ver15.020.20042', '2016-11-07'),
(1040, 76, 30, 'ver2.1.2', '2016-04-25'),
(1041, 63, 67, 'ver12.2.5.195', NULL),
(1042, 24, 68, 'ver8.0.2.805', '2016-08-24'),
(1043, 73, 67, 'ver12.2.5.195', NULL),
(1044, 16, 9, 'ver5.24', NULL),
(1045, 20, 81, 'ver2.36', '2016-08-19'),
(1046, 54, 97, 'ver2.8.18', '2016-08-19'),
(1047, 1, 9, 'ver5.24', NULL),
(1048, 21, 54, 'ver1.4.1', NULL),
(1049, 52, 22, 'ver4.5.7.6389', '2016-11-06'),
(1050, 62, 81, 'ver2.38', '2016-11-06'),
(1051, 59, 57, 'ver5.2.3.3', '2016-12-13'),
(1052, 23, 49, 'ver7.1.7.2606', '2016-11-23'),
(1053, 20, 83, 'ver3.9.141.259', NULL),
(1054, 18, 46, 'ver23.0.0.205', NULL),
(1055, 73, 12, 'ver15.020.20042', '2016-11-07'),
(1056, 33, 83, 'ver3.9.141.259', NULL),
(1057, 55, 1, 'ver23.0.0.257', '2016-09-14'),
(1058, 71, 88, 'ver2.2.4', NULL),
(1059, 12, 21, 'ver23.0.0.207', NULL),
(1060, 9, 83, 'ver3.9.141.259', NULL),
(1061, 62, 102, 'ver16.04', NULL),
(1062, 54, 91, 'ver0.6.2', '2012-09-02'),
(1063, 65, 34, 'ver8.0.1010.13', '2016-09-08'),
(1064, 18, 50, 'ver3.0.6', NULL),
(1065, 29, 86, 'ver2.5.8.0', '2014-08-30'),
(1066, 24, 61, 'ver1415.1.0', NULL),
(1067, 14, 89, 'ver3.22.2.2', NULL),
(1068, 50, 102, 'ver16.04', NULL),
(1069, 29, 21, 'ver24.0.0.186', NULL),
(1070, 63, 74, 'ver4.0.12', '2016-11-23'),
(1071, 63, 19, 'ver4.42', NULL),
(1072, 39, 65, 'ver4.9.9.2', NULL),
(1073, 34, 29, 'ver1.4.20', '2016-04-28'),
(1074, 54, 49, 'ver7.1.7.2606', '2016-11-05'),
(1075, 2, 44, 'ver1.0.0', NULL),
(1076, 69, 88, 'ver2.2.4', NULL),
(1077, 66, 36, 'ver1.2.8.12', '2016-05-01'),
(1078, 4, 81, 'ver2.39', '2016-11-23'),
(1079, 23, 64, 'ver41.0.2353.69', NULL),
(1080, 62, 103, 'ver12.5.0', '2016-11-06'),
(1081, 40, 14, 'ver2.14.0', '2014-12-04'),
(1082, 70, 86, 'ver2.5.8.0', '2014-02-23'),
(1083, 36, 58, 'ver16.4.3528.0331', '2016-09-05'),
(1084, 10, 63, 'ver50.0.2', NULL),
(1085, 43, 30, 'ver2.1.2', '2016-03-21'),
(1086, 62, 88, 'ver2.2.4', NULL),
(1087, 59, 29, 'ver1.4.20', '2016-05-03'),
(1088, 23, 19, 'ver4.42', NULL),
(1089, 33, 14, 'ver2.14.0', '2013-08-29'),
(1090, 1, 62, 'ver7.0.102', '2015-04-15'),
(1091, 19, 53, 'ver9.5.5', '2014-11-27'),
(1092, 35, 30, 'ver2.1.2', '2016-04-03'),
(1093, 76, 29, 'ver1.4.20', '2016-04-25'),
(1094, 34, 12, 'ver15.020.20042', '2016-11-07'),
(1095, 15, 22, 'ver4.5.7.6389', '2016-11-05'),
(1096, 56, 7, 'ver3.0.20.0', '2016-11-24'),
(1097, 76, 86, 'ver2.5.8.0', '2013-12-14'),
(1098, 56, 74, 'ver4.0.12', '2016-11-23'),
(1099, 61, 14, 'ver2.14.0', '2015-06-25'),
(1100, 11, 97, 'ver2.8.18', '2016-11-03'),
(1101, 8, 9, 'ver5.24', NULL),
(1102, 25, 21, 'ver24.0.0.186', NULL),
(1103, 4, 48, 'ver1.32.3889.0961', '2016-11-23'),
(1104, 17, 63, 'ver50.0.2', NULL),
(1105, 2, 102, 'ver16.04', NULL),
(1106, 21, 49, 'ver7.1.7.2606', '2016-11-05'),
(1107, 37, 50, 'ver3.0.6', NULL),
(1108, 33, 67, 'ver12.2.5.195', NULL),
(1109, 14, 64, 'ver12.15.1748', NULL),
(1110, 4, 28, 'ver7.2.2', NULL),
(1111, 53, 51, NULL, '2016-04-04'),
(1112, 11, 59, 'ver255', '2016-11-04'),
(1113, 8, 64, 'ver41.0.2353.69', NULL),
(1114, 24, 48, 'ver1.32.3889.0961', '2016-11-28'),
(1115, 34, 102, 'ver16.02', NULL),
(1116, 47, 12, 'ver15.020.20042', '2016-11-08'),
(1117, 31, 30, 'ver2.0.6', '2015-02-04'),
(1118, 5, 88, 'ver2.2.4', NULL),
(1119, 29, 97, 'ver2.8.18', '2016-09-10'),
(1120, 15, 97, 'ver2.8.18', '2016-08-19'),
(1121, 56, 60, 'ver0.91', '2016-11-23'),
(1122, 8, 14, 'ver2.14.0', '2013-05-16'),
(1123, 41, 97, 'ver2.8.18', '2016-08-20'),
(1124, 34, 96, NULL, '2015-01-17'),
(1125, 59, 22, 'ver4.5.6.5844', '2015-09-12'),
(1126, 17, 21, 'ver23.0.0.207', NULL),
(1127, 59, 30, 'ver2.1.2', '2016-03-22'),
(1128, 22, 28, 'ver7.2.2', NULL),
(1129, 7, 2, 'ver5.1', NULL),
(1130, 59, 36, 'ver1.2.8.12', '2015-12-07'),
(1131, 12, 46, 'ver23.0.0.207', NULL),
(1132, 9, 63, 'ver50.1.0', NULL),
(1133, 25, 78, 'ver3.3.1', '2016-11-24'),
(1134, 36, 44, 'ver1.0.0', NULL),
(1135, 73, 39, 'ver0.67', '2016-04-23'),
(1136, 12, 74, 'ver4.0.10', '2016-08-19'),
(1137, 33, 19, 'ver4.42', NULL),
(1138, 40, 74, 'ver4.0.12', '2016-09-18'),
(1139, 8, 29, 'ver1.4.20', '2016-04-25'),
(1140, 11, 103, 'ver12.5.0', '2016-11-03'),
(1141, 2, 1, 'ver24.0.0.180', '2016-12-14'),
(1142, 41, 83, 'ver3.9.141.259', NULL),
(1143, 59, 67, 'ver12.2.5.195', NULL),
(1144, 60, 60, 'ver0.91', '2016-11-23'),
(1145, 57, 9, 'ver5.24', NULL),
(1146, 52, 74, 'ver4.0.12', '2016-11-06'),
(1147, 61, 38, 'ver4', '2015-07-14'),
(1148, 76, 96, NULL, '2013-12-14'),
(1149, 8, 49, 'ver7.1.7.2606', '2016-10-28'),
(1150, 31, 36, 'ver1.1.8.35', '2014-04-22'),
(1151, 55, 34, 'ver8.0.1120.15', '2016-11-07'),
(1152, 15, 34, 'ver8.0.1120.15', '2016-11-05'),
(1153, 34, 39, 'ver0.67', '2016-03-07'),
(1154, 37, 67, 'ver12.2.5.195', NULL),
(1155, 67, 7, 'ver2.2.2', '2013-11-16'),
(1156, 23, 68, 'ver8.0.2.805', '2016-08-24'),
(1157, 54, 25, 'ver12.0.6612.1000', '2016-12-12'),
(1158, 66, 18, 'ver3.5.7', NULL),
(1159, 67, 29, 'ver1.4.20', '2016-08-21'),
(1160, 14, 23, 'ver8.0.310.13', '2015-02-15'),
(1161, 70, 39, 'ver0.67', '2016-08-25'),
(1162, 20, 64, 'ver42.0.2393.85', NULL),
(1163, 44, 39, 'ver0.67', '2016-04-11'),
(1164, 11, 39, 'ver0.67', '2016-11-03'),
(1165, 31, 60, 'ver0.91', '2015-02-05'),
(1166, 19, 87, 'ver55.0.2883.87', '2016-12-13'),
(1167, 1, 88, 'ver2.2.2', NULL),
(1168, 35, 67, 'ver12.2.5.195', NULL),
(1169, 8, 94, NULL, NULL),
(1170, 61, 57, 'ver5.2.3.3', '2016-11-05'),
(1171, 39, 48, 'ver1.32.4066.7445', '2016-12-13'),
(1172, 33, 70, 'ver5.1.50428.0', '2016-08-21'),
(1173, 76, 85, 'ver0.5.7', '2013-12-14'),
(1174, 40, 89, 'ver3.21.0', NULL),
(1175, 29, 42, 'ver2.3.2', '2016-09-10'),
(1176, 26, 68, 'ver7.1.5.425', '2015-06-16'),
(1177, 21, 23, 'ver8.0.250.18', '2014-11-06'),
(1178, 1, 82, 'ver15.4.3502.0922', '2011-07-21'),
(1179, 52, 57, 'ver5.2.3.3', '2016-11-06'),
(1180, 32, 39, 'ver0.67', '2016-11-03'),
(1181, 74, 56, 'ver2.0.0.372', NULL),
(1182, 8, 85, 'ver0.5.4', '2013-05-16'),
(1183, 16, 36, 'ver1.2.8.12', '2016-05-01'),
(1184, 23, 90, 'ver5.0.268.0', '2016-08-24'),
(1185, 21, 64, 'ver41.0.2353.56', NULL),
(1186, 71, 29, 'ver1.4.20', '2016-04-25'),
(1187, 73, 70, 'ver5.1.50901.0', '2016-10-13'),
(1188, 51, 53, 'ver9.5.5', '2013-10-11'),
(1189, 12, 39, 'ver0.67', '2016-03-20'),
(1190, 28, 64, 'ver41.0.2353.69', NULL),
(1191, 11, 48, 'ver1.32.4066.7445', '2016-12-09'),
(1192, 31, 28, 'ver7.2.2', NULL),
(1193, 32, 14, 'ver2.14.0', '2016-11-04'),
(1194, 4, 60, 'ver0.91', '2016-11-23'),
(1195, 31, 101, 'ver15.4.22', NULL),
(1196, 22, 7, 'ver2.2.4', '2015-05-28'),
(1197, 15, 28, 'ver7.2.2', NULL),
(1198, 46, 46, 'ver23.0.0.207', NULL),
(1199, 76, 57, 'ver5.1.2.2', '2016-04-25'),
(1200, 29, 20, 'ver2.67a', NULL),
(1201, 73, 14, 'ver2.14.0', '2015-02-16'),
(1202, 23, 46, 'ver23.0.0.207', NULL),
(1203, 67, 48, 'ver1.32.3889.0961', '2016-11-22'),
(1204, 32, 94, NULL, NULL),
(1205, 43, 19, 'ver4.42', NULL),
(1206, 71, 102, 'ver16.02', NULL),
(1207, 13, 28, 'ver7.2.2', NULL),
(1208, 63, 39, 'ver0.67', '2016-11-23'),
(1209, 34, 64, 'ver12.16.1860', NULL),
(1210, 68, 58, 'ver16.4.3528.0331', '2016-09-05'),
(1211, 6, 9, 'ver5.24', NULL),
(1212, 8, 57, 'ver5.1.2.2', '2016-04-11'),
(1213, 62, 46, 'ver23.0.0.205', NULL),
(1214, 16, 88, 'ver2.2.4', NULL),
(1215, 16, 48, 'ver1.32.4066.7445', '2016-12-09'),
(1216, 59, 64, 'ver41.0.2353.69', NULL),
(1217, 32, 56, 'ver2.0.0.372', NULL),
(1218, 11, 57, 'ver5.2.2.2', '2016-11-03'),
(1219, 38, 97, 'ver2.8.18', '2016-11-23'),
(1220, 55, 9, 'ver5.24', NULL),
(1221, 76, 65, 'ver4.9.9.2', NULL),
(1222, 16, 102, 'ver16.04.00.0', '2016-11-03'),
(1223, 44, 36, 'ver1.2.6.7', '2015-06-24'),
(1224, 8, 74, 'ver4.0.9', '2016-03-21'),
(1225, 43, 34, 'ver8.0.1120.15', '2016-11-07'),
(1226, 33, 102, 'ver16.02', NULL),
(1227, 44, 28, 'ver7.2.2', NULL),
(1228, 76, 46, 'ver23.0.0.207', NULL),
(1229, 54, 78, 'ver3.2.2', NULL),
(1230, 43, 57, 'ver5.1.2.2', '2016-04-11'),
(1231, 30, 1, 'ver24.0.0.180', '2016-12-14'),
(1232, 31, 30, 'ver2.1.2', '2016-03-21'),
(1233, 67, 9, 'ver5.24', NULL),
(1234, 10, 68, 'ver8.0.2.805', '2016-10-10'),
(1235, 12, 49, 'ver7.1.7.2606', '2016-11-05'),
(1236, 21, 44, 'ver1.0.0', NULL),
(1237, 44, 22, 'ver4.5.5.5666', '2015-06-24'),
(1238, 64, 68, 'ver7.2.8.1124', '2016-01-15'),
(1239, 39, 17, 'ver1.22', NULL),
(1240, 12, 68, 'ver8.0.2.805', '2016-08-19'),
(1241, 20, 12, 'ver15.020.20042', '2016-11-03'),
(1242, 34, 49, 'ver7.1.7.2606', '2016-10-31'),
(1243, 22, 12, 'ver15.020.20042', '2016-11-05'),
(1244, 9, 30, 'ver2.1.2', '2016-03-22'),
(1245, 32, 91, 'ver2.2.2', '2016-11-04'),
(1246, 24, 103, 'ver12.3.5', '2016-08-24'),
(1247, 25, 12, 'ver15.020.20042', '2016-11-24'),
(1248, 11, 94, NULL, NULL),
(1249, 4, 1, 'ver24.0.0.180', '2016-12-14'),
(1250, 43, 85, 'ver0.5.3', '2012-06-24'),
(1251, 11, 25, 'ver12.0.6612.1000', '2016-11-24'),
(1252, 6, 34, 'ver8.0.1120.15', '2016-11-07'),
(1253, 57, 70, 'ver5.1.50709.0', '2016-12-09'),
(1254, 45, 88, 'ver2.2.4', NULL),
(1255, 13, 5, 'ver0.53.00.00', '2015-06-25'),
(1256, 11, 49, 'ver7.1.7.2606', '2016-11-04'),
(1257, 76, 1, 'ver23.0.0.257', '2016-09-16'),
(1258, 67, 64, 'ver12.16.1860', NULL),
(1259, 48, 12, 'ver15.020.20042', '2016-11-07'),
(1260, 14, 102, 'ver16.04', NULL),
(1261, 41, 14, 'ver2.14.0', '2014-11-24'),
(1262, 5, 21, 'ver18.0.0.375', NULL),
(1263, 49, 34, 'ver8.0.1110.14', '2016-12-07'),
(1264, 45, 42, 'ver2.4.1', '2016-12-02'),
(1265, 35, 75, 'ver5.9.2', '2016-09-20'),
(1266, 60, 103, 'ver12.6.0', '2016-11-23'),
(1267, 54, 54, 'ver1.5.4', NULL),
(1268, 41, 103, 'ver12.3.5', '2016-08-20'),
(1269, 38, 9, 'ver5.25', NULL),
(1270, 36, 84, 'ver10.7.144.0', '2012-02-17'),
(1271, 70, 68, 'ver8.1.0.1013', '2016-11-05'),
(1272, 6, 63, 'ver50.1.0', NULL),
(1273, 63, 48, 'ver1.32.4066.7445', '2016-12-13'),
(1274, 23, 48, 'ver1.32.3889.0961', '2016-11-22'),
(1275, 43, 42, 'ver2.4.0', '2016-11-07'),
(1276, 24, 85, 'ver0.5.3', '2012-05-16'),
(1277, 14, 49, 'ver7.1.7.2606', '2016-11-06'),
(1278, 33, 28, 'ver7.2.2', NULL),
(1279, 15, 89, 'ver3.23.0.2', NULL),
(1280, 29, 28, 'ver7.2', NULL),
(1281, 28, 48, 'ver1.32.3889.0961', '2016-11-22'),
(1282, 14, 12, 'ver15.020.20039', '2016-10-21'),
(1283, 71, 5, 'ver0.53.00.00', '2013-04-09'),
(1284, 68, 38, 'ver4', '2011-11-15'),
(1285, 15, 81, 'ver2.36', '2016-08-19'),
(1286, 15, 102, 'ver16.02', NULL),
(1287, 70, 75, 'ver5.9.3', '2016-12-05'),
(1288, 70, 48, 'ver1.32.3889.0961', '2016-12-05'),
(1289, 24, 83, 'ver3.9.141.259', NULL),
(1290, 51, 55, 'ver16.4.3528.0331', '2016-09-01'),
(1291, 54, 5, 'ver0.53.00.00', '2012-09-02'),
(1292, 46, 68, 'ver6.2.1.618', '2014-09-03'),
(1293, 56, 67, 'ver12.2.5.195', NULL),
(1294, 34, 102, 'ver16.04.00.0', '2016-10-31'),
(1295, 25, 48, 'ver1.32.3889.0961', '2016-11-23'),
(1296, 60, 68, 'ver8.1.1.1115', '2016-11-23'),
(1297, 73, 68, 'ver8.0.2.805', '2016-08-20'),
(1298, 67, 36, 'ver1.2.4.10', '2015-02-14'),
(1299, 44, 87, 'ver55.0.2883.87', '2016-12-13'),
(1300, 5, 63, 'ver50.0.2', NULL),
(1301, 57, 73, NULL, NULL),
(1302, 39, 25, 'ver12.0.6612.1000', '2016-04-13'),
(1303, 63, 88, 'ver2.2.4', NULL),
(1304, 24, 7, 'ver2.2.1', NULL),
(1305, 32, 46, 'ver23.0.0.207', NULL),
(1306, 76, 5, 'ver0.53.00.00', '2013-05-16'),
(1307, 33, 81, 'ver2.36', '2016-08-21'),
(1308, 34, 19, 'ver4.42', NULL),
(1309, 30, 88, 'ver2.2.4', NULL),
(1310, 32, 64, 'ver41.0.2353.69', NULL),
(1311, 62, 12, 'ver15.020.20039', '2016-10-21'),
(1312, 56, 88, 'ver2.2.4', NULL),
(1313, 18, 63, 'ver50.0.2', NULL),
(1314, 25, 87, 'ver54.0.2840.99', '2016-11-23'),
(1315, 10, 46, 'ver23.0.0.207', NULL),
(1316, 4, 103, 'ver12.6.0', '2016-11-23'),
(1317, 39, 49, 'ver7.1.7.2606', '2016-10-28'),
(1318, 5, 68, 'ver5.1.3.1201', '2012-05-18'),
(1319, 16, 5, NULL, NULL),
(1320, 67, 70, 'ver5.1.50901.0', '2016-10-12'),
(1321, 38, 78, 'ver3.3.1', '2016-11-24'),
(1322, 62, 17, 'ver1.22', NULL),
(1323, 51, 63, 'ver50.1.0', NULL),
(1324, 51, 70, 'ver5.1.50901.0', '2016-10-12'),
(1325, 62, 19, 'ver4.42', NULL),
(1326, 21, 20, 'ver2.67a', NULL),
(1327, 21, 89, 'ver3.22.2.2', NULL),
(1328, 44, 34, 'ver8.0.1120.15', '2016-11-07'),
(1329, 54, 66, 'ver8.0', NULL),
(1330, 54, 76, 'ver3.0', NULL),
(1331, 76, 21, 'ver23.0.0.207', NULL),
(1332, 74, 63, 'ver50.1.0', NULL),
(1333, 11, 54, 'ver1.5.4', NULL),
(1334, 24, 9, 'ver5.23', NULL),
(1335, 32, 17, 'ver1.28', NULL),
(1336, 20, 44, 'ver1.0.0', NULL),
(1337, 34, 88, 'ver2.2.4', NULL),
(1338, 11, 88, 'ver2.2.4', NULL),
(1339, 35, 81, 'ver2.35', '2016-04-03'),
(1340, 1, 58, 'ver15.4.3502.0922', '2011-11-15'),
(1341, 4, 102, 'ver16.04', NULL),
(1342, 58, 75, 'ver5.9.3', '2016-12-05'),
(1343, 12, 28, 'ver7.2.2', NULL),
(1344, 4, 46, 'ver24.0.0.186', NULL),
(1345, 16, 30, 'ver2.1.2', '2016-05-01'),
(1346, 17, 88, 'ver2.2.4', NULL),
(1347, 35, 1, 'ver23.0.0.257', '2016-09-14'),
(1348, 39, 85, 'ver0.5.4', '2012-09-02'),
(1349, 66, 102, 'ver15.14', NULL),
(1350, 6, 88, 'ver2.2.4', NULL),
(1351, 58, 1, 'ver23.0.0.257', '2016-09-16'),
(1352, 28, 81, 'ver2.36', '2016-08-19'),
(1353, 22, 34, 'ver8.0.1120.15', '2016-11-02'),
(1354, 55, 74, 'ver4.0.9', '2016-01-17'),
(1355, 70, 36, 'ver1.1.7.17', '2014-02-23'),
(1356, 29, 1, 'ver23.0.0.257', '2016-10-10'),
(1357, 76, 102, 'ver16.04.00.0', '2016-11-06'),
(1358, 23, 78, 'ver3.2.2', NULL),
(1359, 62, 1, 'ver23.0.0.257', '2016-09-21'),
(1360, 54, 36, 'ver1.2.8.12', '2016-03-29'),
(1361, 1, 55, 'ver15.4.3508.1109', NULL),
(1362, 72, 88, 'ver2.2.4', NULL),
(1363, 28, 68, 'ver8.0.2.805', '2016-08-19'),
(1364, 17, 2, 'ver5.1', NULL),
(1365, 25, 29, 'ver1.4.20', '2016-11-24'),
(1366, 70, 83, 'ver3.9.141.259', NULL),
(1367, 20, 63, 'ver50.1.0', NULL),
(1368, 13, 60, 'ver0.91', '2015-06-25'),
(1369, 43, 97, 'ver2.8.18', '2016-08-01'),
(1370, 73, 75, 'ver5.9.2', '2016-09-29'),
(1371, 50, 56, 'ver2.0.0.372', NULL),
(1372, 76, 70, 'ver5.1.41212.0', '2016-01-15'),
(1373, 68, 82, 'ver15.4.3502.0922', '2011-07-21'),
(1374, 24, 12, 'ver15.020.20042', '2016-11-07'),
(1375, 54, 83, 'ver3.9.141.259', NULL),
(1376, 62, 68, 'ver8.1.0.1013', '2016-11-06'),
(1377, 20, 30, 'ver2.1.2', '2016-03-31'),
(1378, 40, 81, 'ver2.36', '2016-05-03'),
(1379, 24, 14, 'ver2.14.0', '2013-08-27'),
(1380, 61, 81, 'ver2.38', '2016-11-05'),
(1381, 39, 64, 'ver42.0.2393.85', NULL),
(1382, 55, 103, 'ver12.0.5', '2016-04-11'),
(1383, 31, 91, 'ver0.6.2', '2012-11-02'),
(1384, 58, 14, 'ver2.14.0', '2015-02-14'),
(1385, 44, 19, 'ver4.42', NULL),
(1386, 22, 30, 'ver2.1.0', '2015-03-30'),
(1387, 32, 7, 'ver3.0.20.0', '2016-11-04'),
(1388, 14, 60, 'ver0.91', '2015-02-15'),
(1389, 12, 83, 'ver3.9.141.259', NULL),
(1390, 8, 86, 'ver2.5.8.0', '2014-08-23'),
(1391, 41, 9, 'ver5.24', NULL),
(1392, 70, 30, 'ver2.0.5', '2014-02-23'),
(1393, 58, 28, 'ver7.2.2', NULL),
(1394, 39, 87, 'ver55.0.2883.87', '2016-12-13'),
(1395, 26, 102, 'ver9.10', NULL),
(1396, 71, 103, 'ver12.3.5', '2016-08-19'),
(1397, 4, 64, 'ver42.0.2393.85', NULL),
(1398, 54, 22, 'ver4.5.7.6452', '2016-12-12'),
(1399, 32, 78, 'ver3.3.1', '2016-11-04'),
(1400, 14, 23, 'ver1.7.0.210', '2013-05-16'),
(1401, 21, 46, 'ver23.0.0.207', NULL),
(1402, 43, 9, 'ver5.24', NULL),
(1403, 13, 23, 'ver8.0.450.14', '2015-06-25'),
(1404, 44, 29, 'ver1.4.20', '2016-04-25'),
(1405, 68, 44, 'ver1.0.0', NULL),
(1406, 33, 85, 'ver0.5.7', '2013-12-09'),
(1407, 68, 55, 'ver15.4.3502.0922', '2011-07-21'),
(1408, 61, 74, 'ver4.0.12', '2016-11-05'),
(1409, 39, 57, 'ver5.1.2.2', '2016-04-25'),
(1410, 40, 44, 'ver1.0.0', NULL),
(1411, 47, 44, 'ver1.0.0', NULL),
(1412, 45, 60, 'ver0.91', '2015-06-25'),
(1413, 24, 39, 'ver0.67', '2016-04-27'),
(1414, 40, 30, 'ver2.1.2', '2016-05-03'),
(1415, 54, 29, 'ver1.4.20', '2016-08-20'),
(1416, 47, 60, 'ver0.91', '2015-02-05'),
(1417, 4, 42, 'ver2.4.1', '2016-11-23'),
(1418, 29, 83, 'ver3.9.141.259', NULL),
(1419, 35, 68, 'ver7.3.4.311', '2016-04-03'),
(1420, 58, 74, 'ver4.0.10', '2016-09-02'),
(1421, 11, 19, 'ver4.42', NULL),
(1422, 31, 102, 'ver16.02', NULL),
(1423, 43, 86, 'ver2.5.8.0', '2015-02-03'),
(1424, 74, 2, 'ver4.9', NULL),
(1425, 47, 5, NULL, NULL),
(1426, 36, 55, 'ver16.4.3528.0331', '2016-09-05'),
(1427, 24, 89, 'ver3.23.0.2', NULL),
(1428, 50, 67, 'ver12.2.5.195', NULL),
(1429, 45, 39, 'ver0.67', '2016-04-12'),
(1430, 63, 89, 'ver3.22.2.2', NULL),
(1431, 65, 63, 'ver48.0.2', NULL),
(1432, 36, 104, 'ver1.2.57', '2012-03-02'),
(1433, 62, 75, 'ver5.9.2', '2016-09-21'),
(1434, 15, 30, 'ver2.1.2', '2016-04-24'),
(1435, 9, 99, 'ver1.3.11', '2014-10-28'),
(1436, 60, 24, 'ver23.0.0.207', NULL),
(1437, 61, 89, 'ver3.22.2.2', NULL),
(1438, 41, 64, 'ver41.0.2353.69', NULL),
(1439, 54, 88, 'ver2.2.4', NULL),
(1440, 2, 88, 'ver2.2.4', NULL),
(1441, 39, 80, 'ver2.0.2', '2012-09-02'),
(1442, 39, 73, NULL, NULL),
(1443, 11, 29, 'ver1.4.20', '2016-11-03'),
(1444, 13, 67, 'ver12.2.5.195', NULL),
(1445, 56, 78, 'ver3.3.1', '2016-11-24'),
(1446, 24, 49, 'ver7.1.7.2606', '2016-11-07'),
(1447, 23, 14, 'ver2.14.0', '2013-09-03'),
(1448, 24, 63, 'ver50.1.0', NULL),
(1449, 15, 86, 'ver2.5.8.0', '2014-02-07'),
(1450, 30, 92, 'ver2.58.1058', NULL),
(1451, 12, 63, 'ver50.0.2', NULL),
(1452, 11, 17, 'ver1.28', NULL),
(1453, 50, 63, 'ver50.0.2', NULL),
(1454, 20, 36, 'ver1.2.6.7', '2015-08-10'),
(1455, 57, 38, 'ver4', '2011-11-15'),
(1456, 53, 39, 'ver0.67', '2016-04-03'),
(1457, 65, 30, 'ver2.1.2', '2016-09-08'),
(1458, 58, 29, 'ver1.4.20', '2016-09-02'),
(1459, 73, 96, NULL, '2014-02-07'),
(1460, 23, 83, 'ver3.9.141.259', NULL),
(1461, 12, 81, 'ver2.36', '2016-05-03'),
(1462, 40, 19, 'ver4.42', NULL),
(1463, 13, 88, 'ver2.2.4', NULL),
(1464, 16, 87, 'ver55.0.2883.87', '2016-12-13'),
(1465, 2, 34, 'ver8.0.1120.15', '2016-11-10'),
(1466, 41, 70, 'ver5.1.50901.0', '2016-10-12'),
(1467, 61, 1, 'ver23.0.0.257', '2016-11-05'),
(1468, 36, 34, 'ver7.0.800', '2016-09-23'),
(1469, 47, 28, 'ver7.2.2', NULL),
(1470, 23, 103, 'ver12.3.5', '2016-08-24'),
(1471, 53, 89, 'ver3.16.1', NULL),
(1472, 35, 28, 'ver7.2.2', NULL),
(1473, 29, 30, 'ver2.1.2', '2016-04-13'),
(1474, 22, 36, 'ver1.1.9.13', '2014-08-08'),
(1475, 44, 67, 'ver12.2.5.195', NULL),
(1476, 39, 78, 'ver3.2.2', NULL),
(1477, 14, 23, 'ver1.7.0.670', '2014-10-09'),
(1478, 39, 89, 'ver3.23.0.2', NULL),
(1479, 34, 34, 'ver6.0.450', '2016-03-22'),
(1480, 35, 88, 'ver2.2.4', NULL),
(1481, 42, 68, 'ver5.4.3.920', '2012-10-16'),
(1482, 27, 53, 'ver10.1.16', '2016-09-07'),
(1483, 61, 102, 'ver16.04.00.0', '2016-11-05'),
(1484, 61, 23, 'ver8.0.450.14', '2015-06-25'),
(1485, 52, 5, 'ver0.53.00.00', '2015-06-25'),
(1486, 23, 22, 'ver4.5.7.6282', '2016-08-24'),
(1487, 55, 67, 'ver12.2.5.195', NULL),
(1488, 39, 46, 'ver24.0.0.186', NULL),
(1489, 20, 38, 'ver4', '2014-03-18'),
(1490, 73, 42, 'ver2.3.2', '2016-08-20'),
(1491, 73, 83, 'ver3.9.141.259', NULL),
(1492, 15, 103, 'ver12.3.5', '2016-08-19'),
(1493, 25, 1, 'ver23.0.0.257', '2016-11-23'),
(1494, 44, 1, 'ver24.0.0.180', '2016-12-14'),
(1495, 8, 36, 'ver1.2.4.10', '2015-02-15'),
(1496, 34, 60, 'ver0.91', '2015-02-08'),
(1497, 59, 63, 'ver50.0.2', NULL),
(1498, 13, 81, 'ver2.36', '2016-05-17'),
(1499, 37, 1, 'ver23.0.0.257', '2016-09-14'),
(1500, 22, 64, 'ver42.0.2393.85', NULL),
(1501, 54, 1, 'ver23.0.0.257', '2016-09-14'),
(1502, 58, 34, 'ver8.0.1120.15', '2016-11-07'),
(1503, 14, 64, 'ver41.0.2353.46', NULL),
(1504, 73, 89, 'ver3.23.0.2', NULL),
(1505, 67, 88, 'ver2.2.4', NULL),
(1506, 59, 103, 'ver12.7.0', '2016-12-13'),
(1507, 39, 36, 'ver1.1.9.13', '2014-08-16'),
(1508, 55, 36, 'ver1.2.6.7', '2015-08-23'),
(1509, 14, 34, 'ver7.0.670', '2014-10-09'),
(1510, 35, 39, 'ver0.67', '2016-04-03'),
(1511, 8, 70, 'ver5.1.41212.0', '2016-01-15'),
(1512, 1, 46, 'ver23.0.0.207', NULL),
(1513, 53, 12, 'ver15.010.20060', '2016-04-03'),
(1514, 66, 97, 'ver2.8.18', '2016-08-25'),
(1515, 32, 11, 'ver4.94', NULL),
(1516, 11, 56, 'ver2.0.0.372', NULL),
(1517, 48, 62, 'ver7.28.101', '2016-09-24'),
(1518, 31, 48, 'ver1.32.4066.7445', '2016-12-12'),
(1519, 39, 54, 'ver1.4.1', NULL),
(1520, 22, 34, 'ver6.0.310', '2012-04-16'),
(1521, 47, 36, 'ver1.2.6.7', '2015-07-24'),
(1522, 67, 64, 'ver42.0.2393.85', NULL),
(1523, 43, 7, 'ver2.2.1', NULL),
(1524, 40, 28, 'ver6.9.2', NULL),
(1525, 25, 63, 'ver50.0', NULL),
(1526, 61, 83, 'ver3.9.141.259', NULL),
(1527, 15, 64, 'ver42.0.2393.85', NULL),
(1528, 56, 102, 'ver16.04', NULL),
(1529, 1, 57, 'ver5.1.5.2', '2016-09-22'),
(1530, 73, 21, 'ver24.0.0.186', NULL),
(1531, 40, 22, 'ver4.5.7.6321', '2016-09-18'),
(1532, 73, 30, 'ver2.1.2', '2016-04-23'),
(1533, 15, 29, 'ver1.4.20', '2016-04-24'),
(1534, 66, 74, 'ver4.0.9', '2016-05-01'),
(1535, 51, 76, 'ver3.0', NULL),
(1536, 11, 86, 'ver2.5.8.0', '2016-11-04'),
(1537, 34, 38, 'ver4', '2011-11-27'),
(1538, 76, 34, 'ver8.0.1120.15', '2016-11-06'),
(1539, 62, 70, 'ver5.1.50901.0', '2016-10-12'),
(1540, 17, 76, 'ver3.0', NULL),
(1541, 65, 103, 'ver12.3.5', '2016-09-08'),
(1542, 17, 27, 'ver6.7.0', '2011-08-09'),
(1543, 29, 67, 'ver12.2.5.195', NULL),
(1544, 45, 22, 'ver4.5.7.6452', '2016-12-02'),
(1545, 70, 42, 'ver2.4.1', '2016-12-05'),
(1546, 17, 69, 'ver16.4.3528.0331', '2016-09-08'),
(1547, 48, 24, 'ver24.0.0.186', NULL),
(1548, 29, 23, 'ver1.7.0.210', '2013-05-20'),
(1549, 67, 46, 'ver24.0.0.186', NULL),
(1550, 23, 29, 'ver1.4.20', '2016-04-27'),
(1551, 76, 34, 'ver7.0.800', '2016-03-22'),
(1552, 20, 14, 'ver2.14.0', '2014-03-18'),
(1553, 40, 103, 'ver12.3.5', '2016-08-30'),
(1554, 40, 88, 'ver2.2.4', NULL),
(1555, 63, 24, 'ver23.0.0.207', NULL),
(1556, 43, 34, 'ver8.0.1110.14', '2016-11-12'),
(1557, 56, 21, 'ver24.0.0.186', NULL),
(1558, 69, 84, 'ver10.7.144.0', '2015-03-12'),
(1559, 16, 21, 'ver24.0.0.186', NULL),
(1560, 14, 30, 'ver2.0.6', '2014-10-14'),
(1561, 26, 102, 'ver16.04.00.0', '2016-11-22'),
(1562, 32, 22, 'ver4.5.7.6452', '2016-12-05'),
(1563, 58, 42, 'ver2.4.1', '2016-12-05'),
(1564, 20, 5, NULL, NULL),
(1565, 45, 75, 'ver5.9.3', '2016-12-02'),
(1566, 45, 9, 'ver5.24', NULL),
(1567, 9, 22, 'ver4.5.7.6452', '2016-12-05'),
(1568, 67, 87, 'ver55.0.2883.87', '2016-12-13'),
(1569, 60, 9, 'ver5.24', NULL),
(1570, 21, 102, 'ver16.02', NULL),
(1571, 62, 34, 'ver8.0.1110.14', '2016-10-21'),
(1572, 33, 7, 'ver2.2.1', NULL),
(1573, 39, 68, 'ver7.3.4.311', '2016-04-25'),
(1574, 16, 42, 'ver2.4.1', '2016-11-30'),
(1575, 16, 90, 'ver5.0.274.0', '2016-09-11'),
(1576, 63, 28, 'ver7.2.1', NULL),
(1577, 56, 87, 'ver55.0.2883.87', '2016-11-23'),
(1578, 34, 42, 'ver2.4.1', '2016-12-05'),
(1579, 76, 67, 'ver12.2.5.195', NULL),
(1580, 60, 63, 'ver50.0', NULL),
(1581, 54, 14, 'ver2.14.0', '2013-04-07'),
(1582, 14, 75, 'ver5.9.2', '2016-09-21'),
(1583, 35, 9, 'ver5.24', NULL),
(1584, 27, 9, 'ver5.24', NULL),
(1585, 76, 12, 'ver15.020.20042', '2016-11-06'),
(1586, 41, 81, 'ver2.36', '2016-08-20'),
(1587, 9, 60, 'ver0.91', '2015-02-09'),
(1588, 8, 17, 'ver1.22', NULL),
(1589, 63, 7, 'ver3.0.20.0', '2016-11-24'),
(1590, 71, 97, 'ver2.8.18', '2016-08-19'),
(1591, 16, 70, 'ver5.1.50901.0', '2016-10-12'),
(1592, 39, 63, 'ver50.1.0', NULL),
(1593, 9, 87, 'ver55.0.2883.87', '2016-12-07'),
(1594, 47, 51, NULL, '2014-08-15'),
(1595, 75, 63, 'ver50.0.2', NULL),
(1596, 23, 76, 'ver3.0', NULL),
(1597, 38, 42, 'ver2.4.1', '2016-11-23'),
(1598, 10, 72, 'ver2.0.103.0', '2016-10-11'),
(1599, 59, 88, 'ver2.2.4', NULL),
(1600, 56, 103, 'ver12.6.0', '2016-11-23'),
(1601, 38, 1, 'ver24.0.0.180', '2016-12-15'),
(1602, 30, 70, 'ver5.1.50709.0', '2016-09-14'),
(1603, 54, 70, 'ver5.1.50428.0', '2016-06-23'),
(1604, 14, 48, 'ver1.32.3592.6117', '2016-11-06'),
(1605, 39, 74, 'ver4.0.9', '2016-04-25'),
(1606, 32, 53, 'ver11.0.18', '2016-11-03'),
(1607, 52, 102, 'ver16.04', NULL),
(1608, 57, 46, 'ver24.0.0.186', NULL),
(1609, 71, 63, 'ver50.1.0', NULL),
(1610, 32, 60, 'ver0.91', '2016-11-03'),
(1611, 43, 102, 'ver16.04.00.0', '2016-11-07'),
(1612, 31, 21, 'ver23.0.0.207', NULL),
(1613, 38, 29, 'ver1.4.20', '2016-11-24'),
(1614, 28, 86, 'ver2.5.8.0', '2014-02-07'),
(1615, 18, 87, 'ver49.0.2623.112', '2010-11-19'),
(1616, 48, 102, 'ver15.06', NULL),
(1617, 30, 46, 'ver23.0.0.205', NULL),
(1618, 63, 63, 'ver50.0', NULL),
(1619, 55, 49, 'ver7.1.7.2606', '2016-11-07'),
(1620, 43, 39, 'ver0.67', '2016-04-11'),
(1621, 47, 89, 'ver3.23.0.2', NULL),
(1622, 4, 97, 'ver2.8.18', '2016-11-23'),
(1623, 17, 68, 'ver6.2.2.802', '2014-09-09'),
(1624, 3, 38, 'ver4', '2012-02-14'),
(1625, 21, 42, 'ver2.4.0', '2016-11-05'),
(1626, 75, 46, 'ver23.0.0.185', NULL),
(1627, 67, 30, 'ver2.1.2', '2016-08-21'),
(1628, 4, 19, 'ver4.42', NULL),
(1629, 42, 63, 'ver50.1.0', NULL),
(1630, 60, 19, 'ver4.42', NULL),
(1631, 71, 83, 'ver3.9.141.259', NULL),
(1632, 3, 46, 'ver24.0.0.186', NULL),
(1633, 39, 67, 'ver12.2.5.195', NULL),
(1634, 73, 74, 'ver4.0.10', '2016-08-20'),
(1635, 8, 63, 'ver50.1.0', NULL),
(1636, 29, 34, 'ver8.0.1120.15', '2016-12-06'),
(1637, 52, 67, 'ver12.2.5.195', NULL),
(1638, 62, 89, 'ver3.22.2.2', NULL),
(1639, 63, 81, 'ver2.39', '2016-11-23'),
(1640, 47, 86, 'ver2.5.8.0', '2014-02-07'),
(1641, 22, 68, 'ver8.0.2.805', '2016-08-19'),
(1642, 44, 48, 'ver1.32.4066.7445', '2016-12-08'),
(1643, 46, 63, 'ver50.0.2', NULL),
(1644, 45, 64, 'ver42.0.2393.85', NULL),
(1645, 76, 97, 'ver2.8.18', '2016-08-22'),
(1646, 45, 67, 'ver12.2.5.195', NULL),
(1647, 56, 97, 'ver2.8.18', '2016-11-23'),
(1648, 52, 34, 'ver8.0.1120.15', '2016-11-06'),
(1649, 12, 48, 'ver1.32.3889.0961', '2016-11-22'),
(1650, 59, 22, 'ver4.5.7.6452', '2016-12-02'),
(1651, 23, 70, 'ver5.1.50901.0', '2016-10-17'),
(1652, 54, 51, NULL, '2016-03-25'),
(1653, 54, 81, 'ver2.38', '2016-11-05'),
(1654, 35, 89, 'ver3.23.0.2', NULL),
(1655, 26, 56, 'ver2.0.0.372', NULL),
(1656, 39, 13, 'ver1.16', NULL),
(1657, 41, 1, 'ver23.0.0.257', '2016-09-14'),
(1658, 23, 86, 'ver2.5.8.0', '2014-09-16'),
(1659, 11, 60, 'ver0.91', '2016-11-03'),
(1660, 14, 76, 'ver3.0', NULL),
(1661, 13, 63, 'ver50.0.2', NULL),
(1662, 20, 49, 'ver7.1.7.2606', '2016-10-17'),
(1663, 60, 96, NULL, '2016-11-23'),
(1664, 23, 67, 'ver12.2.5.195', NULL),
(1665, 9, 36, 'ver1.2.6.7', '2015-08-10'),
(1666, 4, 68, 'ver8.1.1.1115', '2016-11-23'),
(1667, 52, 90, 'ver5.0.286.0', '2016-11-06'),
(1668, 71, 28, 'ver7.2.2', NULL),
(1669, 76, 68, 'ver7.3.4.311', '2016-04-25'),
(1670, 35, 57, 'ver5.1.4.2', '2016-06-24'),
(1671, 61, 19, 'ver4.42', NULL),
(1672, 74, 68, 'ver8.1.1.1115', '2016-12-09'),
(1673, 31, 67, 'ver12.2.5.195', NULL),
(1674, 21, 29, 'ver1.4.20', '2016-05-09'),
(1675, 44, 88, 'ver2.2.4', NULL),
(1676, 61, 22, 'ver4.5.7.6389', '2016-11-05'),
(1677, 62, 30, 'ver2.1.2', '2016-03-09'),
(1678, 48, 22, 'ver4.5.6.5844', '2015-09-09'),
(1679, 39, 97, 'ver2.8.18', '2016-08-24'),
(1680, 18, 34, 'ver7.0.800', '2016-11-22'),
(1681, 20, 88, 'ver2.2.4', NULL),
(1682, 43, 81, 'ver2.39', '2016-11-12'),
(1683, 1, 70, 'ver5.1.41212.0', '2016-01-13'),
(1684, 43, 5, 'ver0.52.00.00', '2012-06-24'),
(1685, 25, 75, 'ver5.9.2', '2016-11-23'),
(1686, 34, 101, 'ver16.4.29', NULL),
(1687, 66, 14, 'ver2.14.0', '2016-05-01'),
(1688, 55, 60, 'ver0.91', '2015-02-21'),
(1689, 35, 83, 'ver3.9.141.259', NULL),
(1690, 41, 36, 'ver1.2.8.12', '2016-04-23'),
(1691, 34, 28, 'ver7.2.2', NULL),
(1692, 60, 7, 'ver3.0.20.0', '2016-11-24'),
(1693, 54, 21, 'ver23.0.0.207', NULL),
(1694, 11, 30, 'ver2.1.2', '2016-11-03'),
(1695, 66, 85, 'ver0.7.0', '2016-05-03'),
(1696, 31, 73, NULL, NULL),
(1697, 36, 62, 'ver7.30.105', '2016-11-23'),
(1698, 16, 57, 'ver5.2.3.3', '2016-11-30'),
(1699, 75, 88, 'ver2.1.2', NULL),
(1700, 59, 48, 'ver1.32.4066.7445', '2016-12-13'),
(1701, 56, 24, 'ver24.0.0.186', NULL),
(1702, 71, 12, 'ver15.020.20042', '2016-11-06'),
(1703, 9, 57, 'ver5.1.6.2', '2016-11-08'),
(1704, 25, 34, 'ver8.0.1120.15', '2016-11-24'),
(1705, 61, 34, 'ver8.0.1120.15', '2016-11-05'),
(1706, 76, 103, 'ver12.1.0', '2016-04-25'),
(1707, 13, 22, 'ver4.5.7.6452', '2016-12-06'),
(1708, 42, 53, 'ver11.0.00', '2014-11-10'),
(1709, 76, 14, 'ver2.14.0', '2013-05-16'),
(1710, 61, 68, 'ver8.1.0.1013', '2016-11-05'),
(1711, 50, 55, 'ver15.4.3508.1109', NULL),
(1712, 30, 87, 'ver49.0.2623.112', '2010-11-22'),
(1713, 58, 97, 'ver2.8.18', '2016-09-02'),
(1714, 55, 81, 'ver2.35', '2016-01-17'),
(1715, 68, 34, 'ver8.0.1010.13', '2016-09-05'),
(1716, 45, 14, 'ver2.14.0', '2015-06-25'),
(1717, 52, 30, 'ver2.1.2', '2016-04-03'),
(1718, 8, 65, 'ver4.9.9.2', NULL),
(1719, 41, 102, 'ver16.02', NULL),
(1720, 22, 83, 'ver3.9.141.259', NULL),
(1721, 21, 70, 'ver5.1.50901.0', '2016-10-12'),
(1722, 47, 42, 'ver2.3.2', '2016-08-19'),
(1723, 76, 87, 'ver54.0.2840.99', '2016-11-11'),
(1724, 7, 88, 'ver2.2.4', NULL),
(1725, 56, 75, 'ver5.9.2', '2016-11-23'),
(1726, 29, 74, 'ver4.0.10', '2016-09-10'),
(1727, 12, 87, 'ver54.0.2840.99', '2016-11-14'),
(1728, 45, 5, 'ver0.53.00.00', '2015-06-25'),
(1729, 71, 87, 'ver55.0.2883.87', '2016-12-13'),
(1730, 40, 57, 'ver5.0.4.2', '2016-02-07'),
(1731, 14, 67, 'ver12.2.5.195', NULL),
(1732, 52, 81, 'ver2.38', '2016-11-06'),
(1733, 67, 14, 'ver2.14.0', '2013-11-15'),
(1734, 66, 67, 'ver12.2.5.195', NULL),
(1735, 29, 75, 'ver5.9.1', '2016-09-10'),
(1736, 22, 30, 'ver2.1.2', '2016-01-21'),
(1737, 36, 21, 'ver23.0.0.207', NULL),
(1738, 23, 39, 'ver0.67', '2016-04-08'),
(1739, 61, 86, 'ver2.5.8.0', '2015-06-25'),
(1740, 54, 17, 'ver1.27', NULL),
(1741, 24, 61, 'ver1617.1.0', NULL),
(1742, 11, 90, 'ver5.0.286.0', '2016-11-04'),
(1743, 16, 1, 'ver24.0.0.180', '2016-12-14'),
(1744, 13, 1, 'ver23.0.0.257', '2016-09-21'),
(1745, 12, 70, 'ver5.1.50901.0', '2016-10-12'),
(1746, 38, 34, 'ver8.0.1120.15', '2016-11-24'),
(1747, 21, 28, 'ver7.2', NULL),
(1748, 31, 94, NULL, NULL),
(1749, 54, 55, 'ver16.4.3528.0331', '2014-07-25'),
(1750, 8, 22, 'ver4.5.5.5642', '2015-06-11'),
(1751, 52, 60, 'ver0.91', '2015-06-25'),
(1752, 39, 75, 'ver5.9.3', '2016-12-13'),
(1753, 14, 21, 'ver23.0.0.205', NULL),
(1754, 19, 40, 'ver6.0.0.1735', '2011-08-09'),
(1755, 29, 68, 'ver8.0.2.805', '2016-09-10'),
(1756, 34, 63, 'ver50.0.2', NULL),
(1757, 60, 12, 'ver15.020.20042', '2016-11-24'),
(1758, 64, 88, 'ver2.2.4', NULL),
(1759, 62, 34, 'ver7.0.210', '2013-05-16'),
(1760, 11, 95, 'ver14.0.23107', '2016-11-03'),
(1761, 52, 39, 'ver0.67', '2016-04-11'),
(1762, 76, 60, 'ver0.91', '2015-02-15'),
(1763, 9, 51, NULL, '2014-11-03'),
(1764, 40, 68, 'ver8.0.2.805', '2016-08-30'),
(1765, 26, 68, 'ver5.1.3.1201', '2013-12-19'),
(1766, 49, 55, 'ver15.4.3502.0922', '2011-01-06'),
(1767, 13, 12, 'ver15.020.20042', '2016-11-05'),
(1768, 41, 29, 'ver1.4.20', '2016-04-23'),
(1769, 61, 30, 'ver2.1.2', '2016-08-19'),
(1770, 71, 39, 'ver0.67', '2016-03-07'),
(1771, 31, 97, 'ver2.8.18', '2016-07-20'),
(1772, 65, 87, 'ver54.0.2840.99', '2016-09-08'),
(1773, 64, 34, 'ver8.0.1110.14', '2016-10-28'),
(1774, 34, 9, 'ver5.24', NULL),
(1775, 2, 46, 'ver24.0.0.186', NULL),
(1776, 38, 63, 'ver50.1.0', NULL),
(1777, 30, 67, 'ver12.2.5.195', NULL),
(1778, 8, 68, 'ver7.3.4.311', '2016-03-21'),
(1779, 20, 34, 'ver7.0.800', '2016-04-04'),
(1780, 33, 64, 'ver41.0.2353.69', NULL),
(1781, 15, 90, 'ver5.0.229.0', '2016-04-24'),
(1782, 12, 1, 'ver23.0.0.257', '2016-09-20'),
(1783, 65, 88, 'ver2.2.4', NULL),
(1784, 47, 81, 'ver2.36', '2016-05-22'),
(1785, 43, 36, 'ver1.2.4.10', '2015-02-03'),
(1786, 58, 49, 'ver7.1.7.2606', '2016-10-20'),
(1787, 33, 36, 'ver1.2.4.10', '2015-02-14'),
(1788, 16, 14, 'ver2.14.0', '2016-05-01'),
(1789, 43, 88, 'ver2.2.4', NULL),
(1790, 68, 63, 'ver50.0.2', NULL),
(1791, 24, 42, 'ver2.4.0', '2016-11-07'),
(1792, 40, 12, 'ver15.020.20042', '2016-11-08'),
(1793, 24, 88, 'ver2.2.4', NULL),
(1794, 5, 46, 'ver22.0.0.209', NULL),
(1795, 25, 88, 'ver2.2.4', NULL),
(1796, 39, 76, 'ver3.0', NULL),
(1797, 39, 91, 'ver0.6.2', '2012-09-02'),
(1798, 23, 30, 'ver2.1.0', '2015-07-07'),
(1799, 28, 9, 'ver5.24', NULL),
(1800, 29, 85, 'ver0.5.4', '2013-10-05'),
(1801, 14, 34, 'ver8.0.1110.14', '2016-10-21'),
(1802, 24, 81, 'ver2.36', '2016-08-24'),
(1803, 49, 88, 'ver2.2.4', NULL),
(1804, 31, 22, 'ver4.5.7.6452', '2016-12-12'),
(1805, 16, 39, 'ver0.67', '2016-05-01'),
(1806, 59, 19, 'ver4.42', NULL),
(1807, 21, 30, 'ver2.0.6', '2014-11-06'),
(1808, 53, 103, 'ver12.0.5', '2016-04-03'),
(1809, 67, 83, 'ver3.9.141.259', NULL),
(1810, 39, 56, 'ver2.0.0.372', NULL),
(1811, 55, 57, 'ver5.1.6.2', '2016-11-07'),
(1812, 50, 1, 'ver23.0.0.257', '2016-09-15'),
(1813, 57, 82, 'ver15.4.3502.0922', '2011-07-21'),
(1814, 29, 64, 'ver41.0.2353.69', NULL),
(1815, 31, 86, 'ver2.5.8.0', '2014-04-22'),
(1816, 26, 63, 'ver50.1.0', NULL),
(1817, 16, 75, 'ver5.9.3', '2016-12-12'),
(1818, 24, 1, 'ver23.0.0.257', '2016-09-14'),
(1819, 70, 34, 'ver8.0.1120.15', '2016-10-31'),
(1820, 32, 88, 'ver2.2.4', NULL),
(1821, 24, 64, 'ver42.0.2393.85', NULL),
(1822, 31, 57, 'ver5.2.0.4', '2016-08-24'),
(1823, 60, 42, 'ver2.4.1', '2016-11-23'),
(1824, 54, 85, 'ver0.5.10', '2014-07-25'),
(1825, 38, 28, 'ver7.2.2', NULL),
(1826, 26, 53, 'ver11.0.18', '2016-10-13'),
(1827, 8, 22, 'ver4.5.7.6452', '2016-12-05'),
(1828, 58, 19, 'ver4.42', NULL),
(1829, 39, 5, 'ver0.53.00.00', '2012-09-02'),
(1830, 32, 28, 'ver7.2.2', NULL),
(1831, 71, 49, 'ver7.1.7.2606', '2016-11-18'),
(1832, 60, 57, 'ver5.2.3.3', '2016-11-23'),
(1833, 23, 75, 'ver5.9.2', '2016-11-12'),
(1834, 32, 87, 'ver55.0.2883.75', '2016-12-09'),
(1835, 28, 75, 'ver5.9.3', '2016-12-04'),
(1836, 60, 85, 'ver0.7.6', '2016-11-24'),
(1837, 70, 85, 'ver0.5.7', '2014-02-23'),
(1838, 54, 64, 'ver41.0.2353.69', NULL),
(1839, 34, 57, 'ver5.2.3.3', '2016-11-05'),
(1840, 20, 9, 'ver5.24', NULL),
(1841, 46, 88, 'ver2.2.4', NULL),
(1842, 20, 30, 'ver2.1.0', '2015-08-10'),
(1843, 58, 22, 'ver4.5.7.6452', '2016-12-05'),
(1844, 22, 71, 'ver0.8.b3', '2012-01-05'),
(1845, 23, 97, 'ver2.8.18', '2016-08-10'),
(1846, 1, 34, 'ver8.0.1020.14', '2016-10-03'),
(1847, 13, 22, 'ver4.5.7.6282', '2016-08-30'),
(1848, 8, 21, 'ver23.0.0.207', NULL),
(1849, 54, 9, 'ver5.24', NULL),
(1850, 73, 22, 'ver4.5.7.6321', '2016-09-08'),
(1851, 28, 49, 'ver7.1.7.2606', '2016-11-05'),
(1852, 16, 103, 'ver12.3.5', '2016-08-19'),
(1853, 41, 30, 'ver2.1.2', '2016-04-23'),
(1854, 22, 25, 'ver12.0.6612.1000', '2016-11-30'),
(1855, 33, 63, 'ver50.0.2', NULL),
(1856, 9, 102, 'ver16.04.00.0', '2016-11-08'),
(1857, 66, 29, 'ver1.4.20', '2016-05-03'),
(1858, 14, 9, 'ver5.22', NULL),
(1859, 52, 103, 'ver12.5.0', '2016-11-06'),
(1860, 34, 22, 'ver4.5.7.6452', '2016-12-05'),
(1861, 24, 67, 'ver12.2.5.195', NULL),
(1862, 29, 103, 'ver12.3.5', '2016-09-10'),
(1863, 55, 39, 'ver0.67', '2016-04-11'),
(1864, 71, 68, 'ver8.0.2.805', '2016-08-19'),
(1865, 16, 49, 'ver7.1.7.2606', '2016-11-03'),
(1866, 57, 55, 'ver15.4.3508.1109', NULL),
(1867, 19, 76, 'ver3.0', NULL),
(1868, 38, 48, 'ver1.32.4066.7445', '2016-12-15'),
(1869, 34, 83, 'ver3.9.141.259', NULL),
(1870, 67, 34, 'ver8.0.1120.15', '2016-12-05'),
(1871, 71, 74, 'ver4.0.10', '2016-08-19'),
(1872, 23, 28, 'ver7.2.2', NULL),
(1873, 16, 29, 'ver1.4.20', '2016-05-03'),
(1874, 32, 24, 'ver23.0.0.207', NULL),
(1875, 17, 40, 'ver6.0.0.1735', '2011-08-09'),
(1876, 22, 63, 'ver50.1.0', NULL),
(1877, 76, 22, 'ver4.5.7.6452', '2016-12-04'),
(1878, 11, 89, 'ver3.23.0.2', NULL),
(1879, 62, 60, 'ver0.91', '2015-02-15'),
(1880, 63, 21, 'ver23.0.0.207', NULL),
(1881, 72, 68, 'ver8.0.2.805', '2016-08-26'),
(1882, 31, 76, 'ver3.0', NULL),
(1883, 27, 68, 'ver5.1.3.1201', '2012-01-18'),
(1884, 9, 64, 'ver42.0.2393.85', NULL),
(1885, 22, 69, 'ver16.4.3528.0331', '2016-03-21'),
(1886, 44, 97, 'ver2.8.18', '2016-08-03'),
(1887, 60, 78, 'ver3.3.1', '2016-11-24'),
(1888, 62, 48, 'ver1.32.3592.6117', '2016-11-06'),
(1889, 73, 36, 'ver1.2.8.12', '2016-04-23'),
(1890, 2, 2, 'ver5.9', NULL),
(1891, 40, 42, 'ver2.3.2', '2016-08-30'),
(1892, 69, 2, 'ver4.6', NULL),
(1893, 22, 88, 'ver2.2.4', NULL),
(1894, 59, 5, 'ver0.53.00.00', '2015-09-12'),
(1895, 32, 85, 'ver0.7.6', '2016-11-04'),
(1896, 34, 68, 'ver8.1.0.1013', '2016-11-05'),
(1897, 39, 7, 'ver2.2.1', NULL),
(1898, 3, 76, 'ver3.0', NULL),
(1899, 11, 78, 'ver3.3.1', '2016-11-04'),
(1900, 23, 91, 'ver0.6.2', '2012-11-02'),
(1901, 73, 64, 'ver42.0.2393.85', NULL),
(1902, 35, 97, 'ver2.8.18', '2016-08-03'),
(1903, 47, 48, 'ver1.32.3889.0961', '2016-11-22'),
(1904, 67, 101, 'ver16.4.29', NULL),
(1905, 22, 48, 'ver1.32.4066.7445', '2016-12-14'),
(1906, 69, 68, 'ver7.0.3.916', '2014-10-15'),
(1907, 43, 5, 'ver0.53.00.00', '2013-08-26'),
(1908, 22, 87, 'ver55.0.2883.87', '2016-12-07'),
(1909, 34, 34, 'ver8.0.1120.15', '2016-10-31'),
(1910, 12, 86, 'ver2.5.8.0', '2014-08-15'),
(1911, 53, 96, NULL, '2016-04-06'),
(1912, 20, 57, 'ver5.2.3.3', '2016-12-05'),
(1913, 41, 48, 'ver1.32.3889.0961', '2016-11-22'),
(1914, 19, 62, 'ver7.30.105', '2016-11-23'),
(1915, 11, 46, 'ver24.0.0.186', NULL),
(1916, 60, 64, 'ver41.0.2353.69', NULL),
(1917, 28, 103, 'ver12.3.5', '2016-08-19'),
(1918, 70, 102, 'ver16.02', NULL),
(1919, 41, 51, NULL, '2014-12-01'),
(1920, 53, 97, 'ver2.8.16', '2016-04-03'),
(1921, 25, 67, 'ver12.2.5.195', NULL),
(1922, 70, 1, 'ver23.0.0.257', '2016-09-15'),
(1923, 23, 88, 'ver2.2.4', NULL),
(1924, 29, 64, 'ver12.17.1863', NULL),
(1925, 20, 7, 'ver2.2.2', '2014-03-18'),
(1926, 76, 83, 'ver3.9.141.259', NULL),
(1927, 35, 12, 'ver15.020.20042', '2016-11-07'),
(1928, 44, 86, 'ver2.5.8.0', '2016-11-12'),
(1929, 4, 67, 'ver12.2.5.195', NULL),
(1930, 32, 9, 'ver5.24', NULL),
(1931, 33, 1, 'ver24.0.0.180', '2016-12-16'),
(1932, 62, 21, 'ver23.0.0.205', NULL),
(1933, 33, 78, 'ver3.2.2', NULL),
(1934, 67, 89, 'ver3.23.0.2', NULL),
(1935, 67, 12, 'ver15.020.20042', '2016-11-07'),
(1936, 59, 74, 'ver4.0.13', '2016-12-13'),
(1937, 45, 63, 'ver50.1.0', NULL),
(1938, 25, 85, 'ver0.7.6', '2016-11-24'),
(1939, 70, 22, 'ver4.5.7.6452', '2016-12-05'),
(1940, 4, 12, 'ver15.020.20042', '2016-11-24'),
(1941, 48, 87, 'ver55.0.2883.87', '2015-09-09'),
(1942, 58, 46, 'ver23.0.0.207', NULL),
(1943, 32, 48, 'ver1.32.3889.0961', '2016-12-02'),
(1944, 43, 63, 'ver50.1.0', NULL),
(1945, 33, 87, 'ver55.0.2883.87', '2016-11-14'),
(1946, 9, 19, 'ver4.42', NULL),
(1947, 52, 1, 'ver23.0.0.257', '2016-09-15'),
(1948, 41, 57, 'ver5.2.3.3', '2016-11-16'),
(1949, 32, 34, 'ver8.0.1120.15', '2016-11-03'),
(1950, 73, 5, NULL, NULL),
(1951, 16, 60, 'ver0.91', '2016-08-19'),
(1952, 15, 85, 'ver0.5.7', '2014-02-19'),
(1953, 39, 12, 'ver15.020.20042', '2016-11-07'),
(1954, 43, 28, 'ver7.2.2', NULL),
(1955, 52, 63, 'ver50.0', NULL),
(1956, 69, 46, 'ver24.0.0.186', NULL),
(1957, 13, 36, 'ver1.2.6.7', '2015-06-25'),
(1958, 32, 25, 'ver12.0.6612.1000', '2016-12-05'),
(1959, 21, 78, 'ver3.2.2', NULL),
(1960, 23, 89, 'ver3.23.0.2', NULL),
(1961, 74, 53, 'ver10.1.16', '2016-08-24'),
(1962, 62, 90, 'ver5.0.286.0', '2016-11-06'),
(1963, 9, 88, 'ver2.2.4', NULL),
(1964, 59, 45, 'ver1.0.189', '2015-09-21'),
(1965, 73, 90, 'ver5.0.229.0', '2016-04-23'),
(1966, 20, 46, 'ver24.0.0.186', NULL),
(1967, 31, 29, 'ver1.4.20', '2016-06-03'),
(1968, 25, 97, 'ver2.8.18', '2016-11-23'),
(1969, 10, 88, 'ver2.2.4', NULL),
(1970, 66, 88, 'ver2.2.4', NULL),
(1971, 56, 46, 'ver24.0.0.186', NULL),
(1972, 38, 24, 'ver24.0.0.186', NULL),
(1973, 70, 64, 'ver12.16.1860', NULL),
(1974, 66, 57, 'ver5.1.6.2', '2016-12-05'),
(1975, 5, 9, 'ver3.24', '2012-11-06'),
(1976, 70, 53, 'ver11.0.18', '2016-10-31'),
(1977, 62, 29, 'ver1.4.20', '2016-11-06'),
(1978, 48, 70, 'ver5.1.50901.0', '2016-10-19'),
(1979, 22, 23, 'ver8.0.250.18', '2014-10-27'),
(1980, 59, 102, 'ver15.12', NULL),
(1981, 24, 87, 'ver53.0.2785.116', '2016-09-19'),
(1982, 22, 34, 'ver7.0.670', '2014-08-08'),
(1983, 61, 87, 'ver54.0.2840.87', '2016-11-05'),
(1984, 54, 35, 'ver12.0.31101', NULL),
(1985, 33, 46, 'ver24.0.0.186', NULL),
(1986, 67, 34, 'ver7.0.800', '2016-04-06'),
(1987, 47, 67, 'ver12.2.5.195', NULL),
(1988, 58, 39, 'ver0.67', '2016-04-11'),
(1989, 33, 22, 'ver4.5.7.6452', '2016-12-05'),
(1990, 21, 34, 'ver8.0.1120.15', '2016-11-05'),
(1991, 61, 39, 'ver0.67', '2016-04-10'),
(1992, 34, 64, 'ver41.0.2353.69', NULL),
(1993, 66, 48, 'ver1.32.3889.0961', '2016-11-23'),
(1994, 28, 34, 'ver8.0.1120.15', '2016-11-05'),
(1995, 31, 70, 'ver5.1.50901.0', '2016-10-12'),
(1996, 13, 75, 'ver5.9.3', '2016-12-06'),
(1997, 69, 21, 'ver24.0.0.186', NULL),
(1998, 73, 57, 'ver5.2.1.2', '2016-09-12'),
(1999, 6, 46, 'ver24.0.0.186', NULL),
(2000, 24, 28, 'ver7.2.2', NULL),
(2001, 33, 21, 'ver24.0.0.186', NULL),
(2002, 57, 55, 'ver15.4.3502.0922', '2011-07-21'),
(2003, 56, 89, 'ver3.23.0.2', NULL),
(2004, 55, 102, 'ver16.02.00.0', '2016-09-05'),
(2005, 23, 34, 'ver8.0.1110.14', '2016-11-12'),
(2006, 34, 89, 'ver3.23.0.2', NULL),
(2007, 43, 1, 'ver24.0.0.180', '2016-12-14'),
(2008, 14, 28, 'ver7.2', NULL),
(2009, 9, 9, 'ver5.24', NULL),
(2010, 21, 5, 'ver0.53.00.00', '2013-05-20'),
(2011, 43, 22, 'ver4.5.7.6389', '2016-11-07'),
(2012, 3, 88, 'ver2.2.4', NULL),
(2013, 63, 29, 'ver1.4.20', '2016-11-24'),
(2014, 36, 88, 'ver2.2.4', NULL),
(2015, 23, 30, 'ver2.1.2', '2016-03-22'),
(2016, 20, 74, 'ver4.0.6', '2015-08-10'),
(2017, 21, 64, 'ver12.17.1863', NULL),
(2018, 24, 21, 'ver24.0.0.186', NULL),
(2019, 55, 28, 'ver7.2.1', NULL),
(2020, 47, 101, 'ver15.4.22', NULL),
(2021, 25, 96, NULL, '2016-11-23'),
(2022, 24, 34, 'ver8.0.1020.14', '2016-09-21'),
(2023, 20, 85, 'ver0.5.7', '2014-03-18'),
(2024, 19, 55, 'ver16.4.3528.0331', '2016-09-02'),
(2025, 19, 21, 'ver23.0.0.207', NULL),
(2026, 22, 21, 'ver24.0.0.186', NULL),
(2027, 45, 22, 'ver4.5.5.5666', '2015-06-25'),
(2028, 39, 14, 'ver2.14.0', '2013-04-07'),
(2029, 29, 60, 'ver0.48.5', NULL),
(2030, 54, 30, 'ver2.1.2', '2016-03-29'),
(2031, 40, 102, 'ver16.02', NULL),
(2032, 8, 46, 'ver23.0.0.207', NULL),
(2033, 56, 19, 'ver4.42', NULL),
(2034, 36, 70, 'ver5.1.50901.0', '2016-10-12'),
(2035, 3, 44, 'ver1.0.0', NULL),
(2036, 66, 30, 'ver2.1.2', '2016-05-01'),
(2037, 71, 34, 'ver8.0.1120.15', '2016-11-18'),
(2038, 29, 38, 'ver4', '2013-10-05'),
(2039, 54, 46, 'ver23.0.0.207', NULL),
(2040, 18, 70, 'ver5.1.50709.0', '2016-09-23'),
(2041, 59, 42, 'ver2.4.1', '2016-12-02'),
(2042, 12, 9, 'ver5.24', NULL),
(2043, 56, 85, 'ver0.7.6', '2016-11-24'),
(2044, 58, 89, 'ver3.22.2.2', NULL),
(2045, 24, 75, 'ver5.9.2', '2016-09-16'),
(2046, 12, 14, 'ver2.14.0', '2013-08-25'),
(2047, 3, 63, 'ver50.1.0', NULL),
(2048, 63, 42, 'ver2.4.1', '2016-11-23'),
(2049, 62, 64, 'ver41.0.2353.46', NULL),
(2050, 40, 1, 'ver23.0.0.257', '2016-09-18'),
(2051, 31, 9, 'ver5.24', NULL),
(2052, 72, 2, 'ver5.7', NULL),
(2053, 54, 67, 'ver12.2.5.195', NULL),
(2054, 8, 102, 'ver16.04.00.0', '2016-10-28'),
(2055, 54, 68, 'ver8.1.1.1115', '2016-11-21'),
(2056, 13, 86, 'ver2.5.8.0', '2015-06-25'),
(2057, 31, 5, NULL, NULL),
(2058, 45, 90, 'ver5.0.274.0', '2016-09-11'),
(2059, 42, 21, 'ver24.0.0.186', NULL),
(2060, 22, 14, 'ver2.14.0', '2013-04-27'),
(2061, 36, 55, 'ver15.4.3502.0922', '2011-07-21'),
(2062, 47, 68, 'ver8.0.2.805', '2016-08-19'),
(2063, 28, 46, 'ver23.0.0.207', NULL),
(2064, 53, 90, 'ver5.0.214.0', '2016-04-06'),
(2065, 16, 68, 'ver8.0.2.805', '2016-08-19'),
(2066, 11, 81, 'ver2.38', '2016-11-03'),
(2067, 21, 38, 'ver4', '2013-10-05'),
(2068, 67, 28, 'ver7.2.2', NULL),
(2069, 47, 64, 'ver41.0.2353.69', NULL),
(2070, 67, 81, 'ver2.36', '2016-08-21'),
(2071, 5, 90, 'ver5.0.212.0', '2016-03-09'),
(2072, 61, 11, 'ver4.94', NULL),
(2073, 8, 30, 'ver2.1.2', '2016-04-25'),
(2074, 9, 97, 'ver2.8.18', '2016-08-24'),
(2075, 8, 34, 'ver8.0.1120.15', '2016-10-28');
INSERT INTO `telepites` (`id`, `gepid`, `szoftverid`, `verzio`, `datum`) VALUES
(2076, 25, 39, 'ver0.67', '2016-11-23'),
(2077, 45, 28, 'ver7.2.2', NULL),
(2078, 66, 28, 'ver7.2.2', NULL),
(2079, 22, 9, 'ver5.24', NULL),
(2080, 50, 53, 'ver10.1.16', '2016-08-25'),
(2081, 29, 19, 'ver4.42', NULL),
(2082, 44, 57, 'ver5.2.3.3', '2016-11-12'),
(2083, 38, 30, 'ver2.1.2', '2016-11-23'),
(2084, 61, 97, 'ver2.8.18', '2016-08-19'),
(2085, 28, 5, NULL, NULL),
(2086, 13, 97, 'ver2.8.18', '2016-08-30'),
(2087, 37, 84, 'ver10.7.144.0', '2014-10-16'),
(2088, 33, 102, 'ver16.04.00.0', '2016-12-05'),
(2089, 9, 1, 'ver24.0.0.180', '2016-12-14'),
(2090, 23, 87, 'ver55.0.2883.75', '2016-12-09'),
(2091, 4, 24, 'ver24.0.0.186', NULL),
(2092, 21, 1, 'ver23.0.0.257', '2016-09-15'),
(2093, 18, 62, 'ver5.8.158', '2012-03-22'),
(2094, 71, 1, 'ver24.0.0.180', '2016-12-14'),
(2095, 41, 68, 'ver8.0.2.805', '2016-08-20'),
(2096, 71, 81, 'ver2.36', '2016-08-19'),
(2097, 47, 90, 'ver5.0.229.0', '2016-04-24'),
(2098, 62, 65, 'ver4.9.9.2', NULL),
(2099, 12, 90, 'ver5.0.268.0', '2016-08-20'),
(2100, 53, 102, 'ver15.14', NULL),
(2101, 3, 27, 'ver6.7.0', '2011-08-09'),
(2102, 60, 28, 'ver7.2.1', NULL),
(2103, 54, 80, 'ver2.0.2', '2012-09-02'),
(2104, 14, 39, 'ver0.67', '2016-04-08'),
(2105, 53, 87, 'ver49.0.2623.112', '2016-04-03'),
(2106, 52, 12, 'ver15.020.20042', '2016-11-06'),
(2107, 51, 34, 'ver8.0.1110.14', '2016-10-20'),
(2108, 25, 60, 'ver0.91', '2016-11-23'),
(2109, 9, 34, 'ver8.0.1120.15', '2016-11-08'),
(2110, 23, 81, 'ver2.36', '2016-08-24'),
(2111, 71, 60, 'ver0.91', '2016-08-19'),
(2112, 12, 94, NULL, NULL),
(2113, 28, 83, 'ver3.9.141.259', NULL),
(2114, 47, 22, 'ver4.5.7.6282', '2016-08-19'),
(2115, 44, 12, 'ver15.020.20042', '2016-11-07'),
(2116, 62, 76, 'ver3.0', NULL),
(2117, 52, 28, 'ver7.2.1', NULL),
(2118, 12, 75, 'ver5.9.3', '2016-12-05'),
(2119, 16, 74, 'ver4.0.11', '2016-09-11'),
(2120, 28, 89, 'ver3.22.2.2', NULL),
(2121, 16, 34, 'ver8.0.1120.15', '2016-11-03'),
(2122, 48, 28, 'ver7', NULL),
(2123, 14, 14, 'ver2.14.0', '2013-05-16'),
(2124, 38, 96, NULL, '2016-11-23'),
(2125, 21, 19, 'ver4.42', NULL),
(2126, 53, 36, 'ver1.2.8.12', '2016-04-03'),
(2127, 44, 81, 'ver2.39', '2016-11-12'),
(2128, 15, 9, 'ver5.23', NULL),
(2129, 54, 102, 'ver16.04', NULL),
(2130, 40, 83, 'ver3.9.141.259', NULL),
(2131, 48, 64, 'ver41.0.2353.69', NULL),
(2132, 71, 46, 'ver24.0.0.186', NULL),
(2133, 69, 56, 'ver2.0.0.372', NULL),
(2134, 74, 72, 'ver2.0.103.0', '2014-03-04'),
(2135, 52, 36, 'ver1.2.6.7', '2015-06-25'),
(2136, 63, 64, 'ver41.0.2353.69', NULL),
(2137, 76, 7, 'ver2.2.2', '2013-05-16'),
(2138, 32, 96, NULL, '2016-11-04'),
(2139, 34, 1, 'ver23.0.0.257', '2016-09-14'),
(2140, 63, 68, 'ver8.1.1.1115', '2016-11-23'),
(2141, 76, 89, 'ver3.22.2.2', NULL),
(2142, 21, 22, 'ver4.5.7.6389', '2016-11-05'),
(2143, 51, 40, 'ver6.0.0.1735', '2011-08-09'),
(2144, 9, 102, 'ver9.20', NULL),
(2145, 76, 9, 'ver5.24', NULL),
(2146, 12, 91, 'ver0.6.2', '2012-11-02'),
(2147, 66, 34, 'ver8.0.1120.15', '2016-12-05'),
(2148, 15, 96, NULL, '2014-02-07'),
(2149, 23, 102, 'ver16.02', NULL),
(2150, 71, 22, 'ver4.5.7.6452', '2016-12-06'),
(2151, 62, 28, 'ver7.2', NULL),
(2152, 58, 67, 'ver12.2.5.195', NULL),
(2153, 13, 90, 'ver5.0.274.0', '2016-09-11'),
(2154, 12, 80, 'ver2.0.2', '2012-11-02'),
(2155, 76, 36, 'ver1.2.4.10', '2015-02-15'),
(2156, 16, 67, 'ver12.2.5.195', NULL),
(2157, 4, 88, 'ver2.2.4', NULL),
(2158, 60, 1, 'ver23.0.0.257', '2016-11-23'),
(2159, 11, 96, NULL, '2016-11-04'),
(2160, 28, 29, 'ver1.4.20', '2016-04-24'),
(2161, 24, 22, 'ver4.5.4.5306', '2015-02-04'),
(2162, 14, 57, 'ver5.2.3.3', '2016-11-06'),
(2163, 62, 74, 'ver4.0.12', '2016-11-06'),
(2164, 19, 69, 'ver16.4.3528.0331', '2016-09-02'),
(2165, 67, 57, 'ver5.2.3.3', '2016-12-05'),
(2166, 13, 74, 'ver4.0.10', '2016-08-30'),
(2167, 61, 49, 'ver7.1.7.2606', '2016-11-05'),
(2168, 16, 89, 'ver3.23.0.2', NULL),
(2169, 32, 42, 'ver2.4.1', '2016-12-05'),
(2170, 59, 102, 'ver16.04.00.0', '2016-10-11'),
(2171, 14, 68, 'ver8.1.0.1013', '2016-11-06'),
(2172, 43, 103, 'ver12.5.5', '2016-11-12'),
(2173, 22, 103, 'ver12.3.5', '2016-08-19'),
(2174, 20, 84, 'ver11.1.1209.0', '2014-09-09'),
(2175, 20, 29, 'ver1.4.20', '2016-04-25'),
(2176, 48, 34, 'ver8.0.1020.14', '2016-09-24'),
(2177, 54, 103, 'ver12.5.0', '2016-11-05'),
(2178, 4, 9, 'ver5.25', NULL),
(2179, 71, 64, 'ver42.0.2393.85', NULL),
(2180, 63, 96, NULL, '2016-11-23'),
(2181, 56, 42, 'ver2.4.1', '2016-11-23'),
(2182, 28, 102, 'ver16.02', NULL),
(2183, 58, 81, 'ver2.36', '2016-09-02'),
(2184, 21, 30, 'ver2.1.2', '2016-03-21'),
(2185, 24, 70, 'ver5.1.41212.0', '2016-01-13'),
(2186, 8, 28, 'ver7.2.2', NULL),
(2187, 31, 78, 'ver3.1.2', NULL),
(2188, 13, 102, 'ver16.02', NULL),
(2189, 9, 39, 'ver0.67', '2016-04-08'),
(2190, 29, 63, 'ver50.0', NULL),
(2191, 44, 42, 'ver2.4.1', '2016-12-02'),
(2192, 51, 19, 'ver4.38', NULL),
(2193, 27, 2, 'ver4.6', NULL),
(2194, 24, 102, 'ver16.03.00.0', '2016-09-30'),
(2195, 55, 70, 'ver5.1.50901.0', '2016-10-12'),
(2196, 66, 68, 'ver7.3.4.311', '2016-05-01'),
(2197, 29, 46, 'ver23.0.0.207', NULL),
(2198, 58, 9, 'ver5.24', NULL),
(2199, 9, 49, 'ver7.1.7.2606', '2016-11-08'),
(2200, 55, 12, 'ver15.020.20042', '2016-11-08'),
(2201, 16, 51, NULL, '2016-05-03'),
(2202, 62, 87, 'ver54.0.2840.87', '2016-11-06'),
(2203, 69, 72, 'ver2.0.103.0', '2014-03-04'),
(2204, 52, 75, 'ver5.9.2', '2016-09-19'),
(2205, 11, 70, 'ver5.1.50901.0', '2016-11-04'),
(2206, 29, 96, NULL, '2013-05-25'),
(2207, 58, 103, 'ver12.3.5', '2016-09-02'),
(2208, 68, 53, 'ver10.1.16', '2016-09-06'),
(2209, 52, 88, 'ver2.2.4', NULL),
(2210, 32, 20, 'ver2.78.1', '2016-11-03'),
(2211, 47, 29, 'ver1.4.20', '2016-04-24'),
(2212, 4, 30, 'ver2.1.2', '2016-11-23'),
(2213, 50, 90, 'ver5.0.212.0', '2016-03-10'),
(2214, 55, 46, 'ver23.0.0.207', NULL),
(2215, 62, 85, 'ver0.5.4', '2013-05-16'),
(2216, 47, 14, 'ver2.14.0', '2015-02-05'),
(2217, 8, 89, 'ver3.23.0.2', NULL),
(2218, 12, 96, NULL, '2014-08-18'),
(2219, 59, 34, 'ver8.0.1120.15', '2016-11-07'),
(2220, 44, 102, 'ver16.04.00.0', '2016-11-07'),
(2221, 14, 65, 'ver4.9.9.2', NULL),
(2222, 1, 84, 'ver10.7.144.0', '2015-02-26'),
(2223, 41, 63, 'ver50.0.2', NULL),
(2224, 61, 48, 'ver1.32.3592.6117', '2016-11-05'),
(2225, 15, 36, 'ver1.2.8.12', '2016-04-24'),
(2226, 73, 63, 'ver50.1.0', NULL),
(2227, 41, 42, 'ver2.4.1', '2016-12-05'),
(2228, 17, 34, 'ver6.0.450', '2016-09-07'),
(2229, 16, 7, 'ver3.0.20.0', '2016-05-03'),
(2230, 33, 97, 'ver2.8.18', '2016-08-21'),
(2231, 16, 64, 'ver42.0.2393.85', NULL),
(2232, 22, 86, 'ver2.5.8.0', '2014-03-18'),
(2233, 11, 9, 'ver5.24', NULL),
(2234, 59, 9, 'ver5.24', NULL),
(2235, 61, 44, 'ver1.0.0', NULL),
(2236, 24, 90, 'ver5.0.286.0', '2016-11-12'),
(2237, 67, 49, 'ver7.1.7.2606', '2016-11-23'),
(2238, 40, 23, 'ver8.0.250.18', '2014-12-04'),
(2239, 28, 96, NULL, '2014-09-06'),
(2240, 68, 46, 'ver24.0.0.186', NULL),
(2241, 11, 42, 'ver2.4.1', '2016-12-01'),
(2242, 66, 103, 'ver12.1.0', '2016-05-01'),
(2243, 65, 28, 'ver6.9.2', NULL),
(2244, 73, 87, 'ver55.0.2883.87', '2016-12-14'),
(2245, 16, 46, 'ver24.0.0.186', NULL),
(2246, 28, 38, 'ver4', '2014-02-12'),
(2247, 66, 51, NULL, '2016-05-03'),
(2248, 33, 96, NULL, '2014-08-31'),
(2249, 60, 88, 'ver2.2.4', NULL),
(2250, 66, 102, 'ver16.02.00.0', '2016-09-14'),
(2251, 67, 5, NULL, NULL),
(2252, 67, 102, 'ver16.02', NULL),
(2253, 58, 102, 'ver16.02', NULL),
(2254, 76, 19, 'ver4.42', NULL),
(2255, 45, 19, 'ver4.42', NULL),
(2256, 73, 29, 'ver1.4.20', '2016-04-23'),
(2257, 45, 103, 'ver12.3.5', '2016-09-11'),
(2258, 33, 60, 'ver0.91', '2015-02-14'),
(2259, 56, 64, 'ver42.0.2393.85', NULL),
(2260, 76, 74, 'ver4.0.9', '2016-04-25'),
(2261, 58, 87, 'ver66.198.99', '2016-11-11'),
(2262, 3, 40, 'ver6.0.0.1735', '2011-08-09'),
(2263, 55, 102, 'ver15.14', NULL),
(2264, 54, 96, NULL, '2015-08-25'),
(2265, 15, 21, 'ver24.0.0.186', NULL),
(2266, 74, 9, 'ver5.24', NULL),
(2267, 20, 86, 'ver2.5.8.0', '2014-03-18'),
(2268, 31, 90, 'ver4.2.56.0', '2013-08-27'),
(2269, 21, 48, 'ver1.32.3592.6117', '2016-11-05'),
(2270, 19, 34, 'ver8.0.1120.15', '2016-10-28'),
(2271, 9, 68, 'ver7.3.4.311', '2016-04-08'),
(2272, 52, 19, 'ver4.42', NULL),
(2273, 47, 96, NULL, '2014-02-07'),
(2274, 34, 67, 'ver12.2.5.195', NULL),
(2275, 21, 92, 'ver2.64.1073', NULL),
(2276, 32, 81, 'ver2.38', '2016-11-03'),
(2277, 70, 102, 'ver16.04.00.0', '2016-10-31'),
(2278, 4, 78, 'ver3.3.1', '2016-11-24'),
(2279, 25, 24, 'ver23.0.0.207', NULL),
(2280, 50, 90, 'ver4.0.15.0', '2016-03-10'),
(2281, 22, 67, 'ver12.2.5.195', NULL),
(2282, 4, 96, NULL, '2016-11-23'),
(2283, 75, 84, 'ver11.0.583.0', '2012-09-18'),
(2284, 16, 102, 'ver16.02', NULL),
(2285, 12, 5, NULL, NULL),
(2286, 20, 68, 'ver8.0.2.805', '2016-08-19'),
(2287, 63, 30, 'ver2.1.2', '2016-11-23'),
(2288, 38, 103, 'ver12.6.0', '2016-11-23'),
(2289, 27, 46, 'ver23.0.0.205', NULL),
(2290, 28, 57, 'ver5.2.3.3', '2016-11-22'),
(2291, 63, 9, 'ver5.24', NULL),
(2292, 54, 7, 'ver3.0.20.0', '2016-03-25'),
(2293, 45, 102, 'ver16.02', NULL),
(2294, 15, 42, 'ver2.4.0', '2016-11-05'),
(2295, 21, 75, 'ver5.9.2', '2016-09-15'),
(2296, 11, 22, 'ver4.5.7.6452', '2016-12-01'),
(2297, 13, 30, 'ver2.1.2', '2016-04-10'),
(2298, 44, 14, 'ver2.14.0', '2015-06-24'),
(2299, 23, 60, 'ver0.91', '2015-02-04'),
(2300, 62, 5, 'ver0.53.00.00', '2013-05-16'),
(2301, 28, 42, 'ver2.4.1', '2016-12-04'),
(2302, 28, 44, 'ver1.0.0', NULL),
(2303, 70, 64, 'ver41.0.2353.69', NULL),
(2304, 23, 42, 'ver2.3.2', '2016-08-24'),
(2305, 76, 81, 'ver2.35', '2016-04-25'),
(2306, 40, 75, 'ver5.9.2', '2016-09-18'),
(2307, 10, 102, 'ver16.04', NULL),
(2308, 70, 63, 'ver50.0.2', NULL),
(2309, 21, 9, 'ver5.23', NULL),
(2310, 31, 42, 'ver2.4.1', '2016-12-12'),
(2311, 66, 39, 'ver0.67', '2016-05-01'),
(2312, 47, 97, 'ver2.8.18', '2016-08-19'),
(2313, 40, 36, 'ver1.2.8.12', '2016-05-03'),
(2314, 38, 57, 'ver5.2.3.3', '2016-11-23'),
(2315, 16, 19, 'ver4.42', NULL),
(2316, 71, 9, 'ver5.24', NULL),
(2317, 67, 67, 'ver12.2.5.195', NULL),
(2318, 38, 21, 'ver24.0.0.186', NULL),
(2319, 65, 81, 'ver2.36', '2016-09-08'),
(2320, 54, 73, NULL, NULL),
(2321, 21, 97, 'ver2.8.18', '2016-08-30'),
(2322, 24, 30, 'ver2.0.6', '2015-02-04'),
(2323, 24, 48, 'ver1.31.2873.2758', '2016-08-24'),
(2324, 73, 48, 'ver1.32.3889.0961', '2016-11-29'),
(2325, 52, 48, 'ver1.32.3889.0961', '2016-11-24'),
(2326, 67, 1, 'ver24.0.0.180', '2016-12-14'),
(2327, 33, 92, 'ver2.64.1073', NULL),
(2328, 28, 36, 'ver1.2.8.12', '2016-03-31'),
(2329, 47, 19, 'ver4.42', NULL),
(2330, 51, 46, 'ver24.0.0.186', NULL),
(2331, 29, 89, 'ver3.22.2.2', NULL),
(2332, 71, 90, 'ver5.0.268.0', '2016-08-19'),
(2333, 9, 28, 'ver7.2.2', NULL),
(2334, 58, 30, 'ver2.1.2', '2016-04-11'),
(2335, 56, 63, 'ver50.1.0', NULL),
(2336, 29, 7, 'ver2.2.2', '2013-05-20'),
(2337, 60, 75, 'ver5.9.2', '2016-11-23'),
(2338, 68, 57, 'ver5.1.5.2', '2016-09-23'),
(2339, 66, 64, 'ver41.0.2353.69', NULL),
(2340, 67, 97, 'ver2.8.18', '2016-08-21'),
(2341, 14, 86, 'ver2.5.8.0', '2014-10-14'),
(2342, 62, 96, NULL, '2014-11-19'),
(2343, 52, 83, 'ver3.9.141.259', NULL),
(2344, 33, 9, 'ver5.24', NULL),
(2345, 47, 103, 'ver12.3.5', '2016-08-19'),
(2346, 39, 22, 'ver4.5.7.6452', '2016-12-13'),
(2347, 46, 2, 'ver5.1', NULL),
(2348, 41, 19, 'ver4.42', NULL),
(2349, 62, 23, 'ver8.0.310.13', '2015-02-15'),
(2350, 53, 9, 'ver5.12', NULL),
(2351, 40, 60, 'ver0.91', '2016-08-30'),
(2352, 33, 76, 'ver3.0', NULL),
(2353, 35, 36, 'ver1.2.8.12', '2016-04-03'),
(2354, 11, 68, 'ver8.1.0.1013', '2016-11-03'),
(2355, 3, 69, 'ver16.4.3528.0331', '2016-12-06'),
(2356, 23, 96, NULL, '2015-02-04'),
(2357, 65, 34, 'ver8.0.1020.14', '2016-09-08'),
(2358, 23, 85, 'ver0.5.7', '2013-12-13'),
(2359, 42, 46, 'ver24.0.0.186', NULL),
(2360, 62, 86, 'ver2.5.8.0', '2014-11-19'),
(2361, 34, 76, 'ver3.0', NULL),
(2362, 29, 49, 'ver7.1.7.2606', '2016-11-21'),
(2363, 8, 34, 'ver7.0.800', '2016-05-25'),
(2364, 33, 39, 'ver0.67', '2016-04-14'),
(2365, 25, 74, 'ver4.0.12', '2016-11-23'),
(2366, 33, 44, 'ver1.0.0', NULL),
(2367, 35, 34, 'ver8.0.1120.15', '2016-11-07'),
(2368, 9, 84, 'ver11.1.1209.0', '2014-10-28'),
(2369, 45, 34, 'ver8.0.1120.15', '2016-11-07'),
(2370, 9, 75, 'ver5.9.3', '2016-12-05'),
(2371, 39, 34, 'ver8.0.1120.15', '2016-10-28'),
(2372, 40, 67, 'ver12.2.4.194', NULL),
(2373, 66, 89, 'ver3.23.0.2', NULL),
(2374, 17, 53, 'ver9.5.5', '2016-09-12'),
(2375, 32, 19, 'ver4.42', NULL),
(2376, 52, 23, 'ver8.0.450.14', '2015-06-25'),
(2377, 33, 90, 'ver5.0.271.0', '2016-08-30'),
(2378, 40, 97, 'ver2.8.18', '2016-08-30'),
(2379, 15, 60, 'ver0.91', '2015-02-05'),
(2380, 27, 63, 'ver50.0.2', NULL),
(2381, 56, 12, 'ver15.020.20042', '2016-11-24'),
(2382, 48, 46, 'ver24.0.0.186', NULL),
(2383, 6, 12, 'ver15.020.20042', '2016-11-07'),
(2384, 60, 89, 'ver3.22.2.2', NULL),
(2385, 43, 30, 'ver2.0.6', '2015-02-03'),
(2386, 15, 88, 'ver2.2.4', NULL),
(2387, 44, 30, 'ver2.1.2', '2016-03-21'),
(2388, 28, 22, 'ver4.5.7.6452', '2016-12-04'),
(2389, 50, 46, 'ver24.0.0.186', NULL),
(2390, 69, 9, 'ver5.24', NULL),
(2391, 70, 90, 'ver5.0.286.0', '2016-11-05'),
(2392, 25, 57, 'ver5.2.3.3', '2016-11-23'),
(2393, 39, 88, 'ver2.2.4', NULL),
(2394, 44, 9, 'ver5.24', NULL),
(2395, 54, 34, 'ver8.0.1120.15', '2016-12-12'),
(2396, 14, 7, 'ver2.2.2', '2013-05-16'),
(2397, 11, 67, 'ver12.2.5.195', NULL),
(2398, 27, 62, 'ver6.11.102', '2014-03-05'),
(2399, 54, 57, 'ver5.2.3.3', '2016-11-05'),
(2400, 20, 39, 'ver0.67', '2016-08-19'),
(2401, 55, 86, 'ver2.5.8.0', '2014-02-07'),
(2402, 16, 63, 'ver50.1.0', NULL),
(2403, 26, 2, 'ver4.9', NULL),
(2404, 49, 2, 'ver4.8', NULL),
(2405, 2, 63, 'ver50.1.0', NULL),
(2406, 65, 89, 'ver3.21.0', NULL),
(2407, 32, 57, 'ver5.2.2.2', '2016-11-03'),
(2408, 24, 86, 'ver2.5.8.0', '2014-09-16'),
(2409, 4, 89, 'ver3.23.0.2', NULL),
(2410, 31, 103, 'ver12.3.5', '2016-08-24'),
(2411, 74, 88, 'ver2.2.4', NULL),
(2412, 40, 86, 'ver2.5.8.0', '2014-02-07'),
(2413, 45, 81, 'ver2.36', '2016-09-11'),
(2414, 66, 42, 'ver2.3.2', '2016-08-25'),
(2415, 45, 83, 'ver3.9.141.259', NULL),
(2416, 60, 90, 'ver5.0.286.0', '2016-11-23'),
(2417, 44, 5, 'ver0.53.00.00', '2015-06-24'),
(2418, 8, 39, 'ver0.67', '2016-03-21'),
(2419, 34, 21, 'ver24.0.0.186', NULL),
(2420, 25, 81, 'ver2.39', '2016-11-23'),
(2421, 11, 53, 'ver11.0.18', '2016-11-03'),
(2422, 54, 56, 'ver2.0.0.372', NULL),
(2423, 47, 102, 'ver16.02', NULL),
(2424, 66, 86, 'ver2.5.8.0', '2016-05-01'),
(2425, 54, 12, 'ver15.020.20042', '2016-11-07'),
(2426, 20, 70, 'ver5.1.50901.0', '2016-10-11'),
(2427, 71, 89, 'ver3.23.0.2', NULL),
(2428, 59, 89, 'ver3.23.0.2', NULL),
(2429, 57, 58, 'ver15.4.3502.0922', '2011-11-15'),
(2430, 59, 2, 'ver5.5', NULL),
(2431, 37, 63, 'ver50.1.0', NULL),
(2432, 49, 102, 'ver9.10', NULL),
(2433, 20, 34, 'ver8.0.1120.15', '2016-11-05'),
(2434, 55, 75, 'ver5.9.2', '2016-11-07'),
(2435, 13, 68, 'ver8.0.2.805', '2016-08-30'),
(2436, 62, 22, 'ver4.5.7.6389', '2016-11-06'),
(2437, 4, 21, 'ver24.0.0.186', NULL),
(2438, 9, 105, 'ver1.0.1', '2014-10-28'),
(2439, 51, 69, 'ver16.4.3528.0331', '2016-09-01'),
(2440, 22, 89, 'ver3.23.0.2', NULL),
(2441, 49, 53, 'ver10.1.16', '2016-09-26'),
(2442, 44, 22, 'ver4.5.7.6452', '2016-12-02'),
(2443, 39, 86, 'ver2.5.8.0', '2013-12-02'),
(2444, 11, 74, 'ver4.0.12', '2016-11-03'),
(2445, 31, 25, 'ver12.0.6612.1000', '2016-12-12'),
(2446, 29, 36, 'ver1.2.8.12', '2016-04-25'),
(2447, 16, 97, 'ver2.8.18', '2016-08-19'),
(2448, 4, 75, 'ver5.9.2', '2016-11-23'),
(2449, 39, 42, 'ver2.3.2', '2016-09-08'),
(2450, 47, 46, 'ver23.0.0.207', NULL),
(2451, 28, 39, 'ver0.67', '2016-03-31'),
(2452, 54, 87, 'ver55.0.2883.87', '2016-12-12'),
(2453, 53, 88, 'ver2.2.2', NULL),
(2454, 71, 84, 'ver11.0.705.1', '2013-03-21'),
(2455, 29, 22, 'ver4.5.7.6321', '2016-09-10'),
(2456, 32, 70, 'ver5.1.50901.0', '2016-11-04'),
(2457, 20, 22, 'ver4.5.7.6452', '2016-12-05'),
(2458, 53, 30, 'ver2.1.2', '2016-04-03'),
(2459, 14, 22, 'ver4.5.7.6389', '2016-11-06'),
(2460, 53, 63, 'ver45.0.1', NULL),
(2461, 14, 81, 'ver2.38', '2016-11-06'),
(2462, 55, 22, 'ver4.5.7.6389', '2016-11-07'),
(2463, 35, 63, 'ver50.0.2', NULL),
(2464, 23, 94, NULL, NULL),
(2465, 13, 57, 'ver5.2.0.4', '2016-08-30'),
(2466, 20, 99, 'ver1.2.23', '2014-03-18'),
(2467, 21, 7, 'ver2.2.2', '2013-05-20'),
(2468, 17, 70, 'ver5.1.50901.0', '2016-10-12'),
(2469, 36, 38, 'ver4', '2011-11-15'),
(2470, 13, 96, NULL, '2016-10-21'),
(2471, 39, 9, 'ver5.24', NULL),
(2472, 60, 46, 'ver23.0.0.207', NULL),
(2473, 71, 42, 'ver2.4.1', '2016-12-06'),
(2474, 58, 70, 'ver5.1.50901.0', '2016-10-12'),
(2475, 61, 42, 'ver2.4.0', '2016-11-05'),
(2476, 14, 103, 'ver12.5.0', '2016-11-06'),
(2477, 66, 22, 'ver4.5.7.6321', '2016-09-12'),
(2478, 55, 5, NULL, NULL),
(2479, 22, 46, 'ver24.0.0.186', NULL),
(2480, 60, 74, 'ver4.0.12', '2016-11-23'),
(2481, 45, 46, 'ver24.0.0.186', NULL),
(2482, 38, 60, 'ver0.91', '2016-11-23'),
(2483, 35, 29, 'ver1.4.20', '2016-05-06'),
(2484, 21, 22, 'ver4.5.7.6282', '2016-08-30'),
(2485, 38, 89, 'ver3.23.0.2', NULL),
(2486, 4, 34, 'ver8.0.1120.15', '2016-11-24'),
(2487, 42, 55, 'ver15.4.3502.0922', '2011-01-06'),
(2488, 25, 68, 'ver8.1.1.1115', '2016-11-23'),
(2489, 73, 97, 'ver2.8.18', '2016-08-20'),
(2490, 28, 70, 'ver5.1.50901.0', '2016-10-12'),
(2491, 15, 5, NULL, NULL),
(2492, 71, 75, 'ver5.9.3', '2016-12-06'),
(2493, 76, 63, 'ver50.0.2', NULL),
(2494, 33, 42, 'ver2.4.1', '2016-12-05'),
(2495, 42, 102, 'ver9.10', NULL),
(2496, 53, 81, 'ver2.35', '2016-04-03'),
(2497, 15, 75, 'ver5.9.2', '2016-11-05'),
(2498, 41, 39, 'ver0.67', '2016-04-10'),
(2499, 66, 5, NULL, NULL),
(2500, 73, 60, 'ver0.91', '2015-12-13'),
(2501, 39, 83, 'ver3.9.141.259', NULL),
(2502, 52, 42, 'ver2.4.0', '2016-11-06'),
(2503, 55, 42, 'ver2.3.2', '2016-09-05'),
(2504, 23, 7, 'ver2.2.1', NULL),
(2505, 36, 69, 'ver16.4.3528.0331', '2016-09-05'),
(2506, 76, 88, 'ver2.2.4', NULL),
(2507, 4, 85, 'ver0.7.6', '2016-11-24'),
(2508, 14, 5, 'ver0.53.00.00', '2013-05-16'),
(2509, 32, 86, 'ver2.5.8.0', '2016-11-04'),
(2510, 22, 23, 'ver1.7.0.210', '2013-04-27'),
(2511, 73, 46, 'ver24.0.0.186', NULL),
(2512, 31, 1, 'ver23.0.0.257', '2016-09-13'),
(2513, 29, 92, 'ver2.64.1073', NULL),
(2514, 38, 67, 'ver12.2.5.195', NULL),
(2515, 67, 96, NULL, '2013-11-15'),
(2516, 67, 74, 'ver4.0.9', '2016-04-11'),
(2517, 15, 67, 'ver12.2.5.195', NULL),
(2518, 22, 75, 'ver5.9.2', '2016-09-20'),
(2519, 65, 57, 'ver5.2.1.2', '2016-09-08'),
(2520, 33, 68, 'ver8.0.2.805', '2016-08-30'),
(2521, 73, 88, 'ver2.2.4', NULL),
(2522, 8, 1, 'ver24.0.0.180', '2016-12-13'),
(2523, 48, 22, 'ver4.5.7.6321', '2016-09-24'),
(2524, 38, 64, 'ver42.0.2393.85', NULL),
(2525, 28, 60, 'ver0.91', '2015-02-08'),
(2526, 38, 39, 'ver0.67', '2016-11-23'),
(2527, 8, 42, 'ver2.4.1', '2016-12-05'),
(2528, 23, 25, 'ver12.0.6612.1000', '2016-04-13'),
(2529, 63, 1, 'ver23.0.0.257', '2016-11-23'),
(2530, 55, 88, 'ver2.2.4', NULL),
(2531, 66, 19, 'ver4.42', NULL),
(2532, 43, 83, 'ver3.9.141.259', NULL),
(2533, 43, 89, 'ver3.23.0.2', NULL),
(2534, 44, 64, 'ver42.0.2393.85', NULL),
(2535, 19, 46, 'ver23.0.0.207', NULL),
(2536, 59, 75, 'ver5.9.3', '2016-12-13'),
(2537, 40, 46, 'ver23.0.0.207', NULL),
(2538, 65, 39, 'ver0.67', '2016-09-08'),
(2539, 14, 87, 'ver54.0.2840.71', '2016-10-21'),
(2540, 43, 22, 'ver4.5.4.5306', '2015-02-03'),
(2541, 31, 68, 'ver8.0.2.805', '2016-08-24'),
(2542, 24, 102, 'ver16.02', NULL),
(2543, 44, 74, 'ver4.0.12', '2016-11-12'),
(2544, 45, 12, 'ver15.020.20042', '2016-11-07'),
(2545, 41, 74, 'ver4.0.10', '2016-08-20'),
(2546, 39, 60, 'ver0.91', '2015-02-17'),
(2547, 56, 39, 'ver0.67', '2016-11-23'),
(2548, 57, 62, 'ver7.28.101', '2016-10-11'),
(2549, 59, 68, 'ver8.1.4.1208', '2016-12-13'),
(2550, 4, 39, 'ver0.67', '2016-11-23'),
(2551, 25, 90, 'ver5.0.286.0', '2016-11-23'),
(2552, 62, 39, 'ver0.67', '2016-03-09'),
(2553, 11, 24, 'ver24.0.0.186', NULL),
(2554, 12, 76, 'ver3.0', NULL),
(2555, 62, 63, 'ver49.0.2', NULL),
(2556, 3, 21, 'ver24.0.0.186', NULL),
(2557, 65, 48, 'ver1.32.3889.0961', '2016-12-05'),
(2558, 47, 83, 'ver3.9.141.259', NULL),
(2559, 1, 87, 'ver54.0.2840.99', '2013-01-03'),
(2560, 33, 38, 'ver4', '2011-11-27'),
(2561, 69, 34, 'ver8.0.1120.15', '2016-10-28'),
(2562, 28, 14, 'ver2.14.0', '2014-11-04'),
(2563, 70, 14, 'ver2.14.0', '2016-11-05'),
(2564, 35, 102, 'ver15.14', NULL),
(2565, 59, 81, 'ver2.39', '2016-12-13'),
(2566, 74, 46, 'ver24.0.0.186', NULL),
(2567, 25, 19, 'ver4.42', NULL),
(2568, 32, 68, 'ver8.1.0.1013', '2016-11-03'),
(2569, 71, 62, 'ver7.30.105', '2016-11-23'),
(2570, 31, 34, 'ver7.0.800', '2016-03-21'),
(2571, 41, 34, 'ver8.0.1120.15', '2016-11-16'),
(2572, 24, 22, 'ver4.5.7.6321', '2016-09-08'),
(2573, 23, 63, 'ver50.0.2', NULL),
(2574, 73, 19, 'ver4.42', NULL),
(2575, 34, 86, 'ver2.5.8.0', '2014-08-23'),
(2576, 31, 85, 'ver0.5.4', '2012-11-02'),
(2577, 39, 55, 'ver16.4.3528.0331', '2016-03-23'),
(2578, 29, 9, 'ver5.24', NULL),
(2579, 63, 12, 'ver15.020.20042', '2016-11-24'),
(2580, 28, 28, 'ver7.2.2', NULL),
(2581, 33, 57, 'ver5.2.0.4', '2016-08-21'),
(2582, 13, 49, 'ver7.1.7.2606', '2016-11-05'),
(2583, 55, 90, 'ver5.0.223.0', '2016-04-11'),
(2584, 45, 23, 'ver8.0.450.14', '2015-06-25'),
(2585, 35, 51, NULL, '2016-04-04'),
(2586, 31, 83, 'ver3.9.141.259', NULL),
(2587, 34, 48, 'ver1.32.3889.0961', '2016-12-05'),
(2588, 71, 55, 'ver16.4.3528.0331', '2015-11-10'),
(2589, 52, 87, 'ver54.0.2840.99', '2016-11-14'),
(2590, 47, 49, 'ver7.1.5.1557', '2016-08-19'),
(2591, 24, 74, 'ver4.0.10', '2016-08-24'),
(2592, 15, 101, 'ver15.4.22', NULL),
(2593, 9, 89, 'ver3.23.0.2', NULL),
(2594, 55, 87, 'ver54.0.2840.99', '2016-11-07'),
(2595, 29, 12, 'ver15.020.20042', '2016-11-14'),
(2596, 22, 55, 'ver16.4.3528.0331', '2016-03-21'),
(2597, 62, 23, 'ver1.7.0.210', '2013-05-16'),
(2598, 33, 22, 'ver4.5.7.6282', '2016-08-30'),
(2599, 20, 19, 'ver4.42', NULL),
(2600, 59, 28, 'ver7.2.2', NULL),
(2601, 61, 22, 'ver4.5.7.6282', '2016-08-19'),
(2602, 40, 39, 'ver0.66', '2016-02-07'),
(2603, 58, 88, 'ver2.2.4', NULL),
(2604, 3, 55, 'ver16.4.3528.0331', '2016-12-06'),
(2605, 54, 13, 'ver1.16', NULL),
(2606, 31, 81, 'ver2.36', '2016-06-03'),
(2607, 22, 56, 'ver2.0.0.372', NULL),
(2608, 57, 44, 'ver1.0.0', NULL),
(2609, 9, 7, 'ver2.2.4', '2016-12-07'),
(2610, 61, 36, 'ver1.2.8.12', '2016-04-10'),
(2611, 59, 12, 'ver15.020.20042', '2016-11-07'),
(2612, 43, 87, 'ver55.0.2883.87', '2016-12-13'),
(2613, 35, 103, 'ver12.0.5', '2016-04-03'),
(2614, 21, 39, 'ver0.67', '2016-03-07'),
(2615, 10, 34, 'ver8.0.1120.15', '2016-11-24'),
(2616, 36, 46, 'ver23.0.0.207', NULL),
(2617, 61, 60, 'ver0.91', '2015-06-25'),
(2618, 50, 55, 'ver15.4.3502.0922', '2011-01-06'),
(2619, 65, 67, 'ver12.2.4.194', NULL),
(2620, 2, 84, 'ver10.7.144.0', '2016-10-24'),
(2621, 29, 90, 'ver5.0.137.0', '2015-08-30'),
(2622, 30, 53, 'ver9.5.5', '2016-09-06'),
(2623, 41, 49, 'ver7.1.7.2606', '2016-11-16'),
(2624, 16, 81, 'ver2.36', '2016-08-19'),
(2625, 50, 62, 'ver7.30.105', '2016-11-25'),
(2626, 52, 70, 'ver5.1.50901.0', '2016-10-12'),
(2627, 28, 88, 'ver2.2.4', NULL),
(2628, 16, 85, 'ver0.7.0', '2016-05-03'),
(2629, 58, 63, 'ver50.0.2', NULL),
(2630, 22, 22, 'ver4.5.7.6452', '2016-11-30'),
(2631, 60, 67, 'ver12.2.5.195', NULL),
(2632, 34, 36, 'ver1.2.4.10', '2015-01-17'),
(2633, 40, 21, 'ver23.0.0.207', NULL),
(2634, 17, 55, 'ver16.4.3528.0331', '2016-09-08'),
(2635, 67, 85, 'ver0.5.4', '2013-11-16'),
(2636, 9, 86, 'ver2.5.8.0', '2014-10-28'),
(2637, 11, 44, 'ver2.0.3', '2016-11-04'),
(2638, 71, 69, 'ver16.4.3528.0331', '2015-11-10'),
(2639, 14, 97, 'ver2.8.18', '2016-08-22'),
(2640, 1, 63, 'ver49.0.1', NULL),
(2641, 20, 1, 'ver24.0.0.180', '2016-12-13'),
(2642, 13, 83, 'ver3.9.141.259', NULL),
(2643, 24, 34, 'ver8.0.1120.15', '2016-11-07'),
(2644, 64, 46, 'ver24.0.0.186', NULL),
(2645, 9, 46, 'ver24.0.0.186', NULL),
(2646, 72, 34, 'ver8.0.1120.15', '2016-11-07'),
(2647, 11, 91, 'ver2.2.2', '2016-11-04'),
(2648, 48, 1, 'ver23.0.0.257', '2016-09-24'),
(2649, 15, 39, 'ver0.67', '2016-04-10'),
(2650, 39, 69, 'ver16.4.3528.0331', '2016-03-23'),
(2651, 11, 28, 'ver7.2.2', NULL),
(2652, 12, 57, 'ver5.2.0.4', '2016-08-19'),
(2653, 3, 70, 'ver5.1.50901.0', '2016-10-12'),
(2654, 44, 49, 'ver7.1.7.2606', '2016-11-12'),
(2655, 29, 48, 'ver1.32.3889.0961', '2016-11-24'),
(2656, 44, 89, 'ver3.23.0.2', NULL),
(2657, 70, 28, 'ver7.2.2', NULL),
(2658, 45, 29, 'ver1.4.20', '2016-09-11'),
(2659, 52, 49, 'ver7.1.7.2606', '2016-11-06'),
(2660, 25, 46, 'ver24.0.0.186', NULL),
(2661, 50, 102, 'ver16.02.00.0', '2016-08-25'),
(2662, 43, 21, 'ver24.0.0.186', NULL),
(2663, 67, 75, 'ver5.9.3', '2016-12-05'),
(2664, 65, 19, 'ver4.42', NULL),
(2665, 25, 89, 'ver3.22.2.2', NULL),
(2666, 58, 60, 'ver0.91', '2015-02-14'),
(2667, 58, 83, 'ver3.9.141.259', NULL),
(2668, 48, 88, 'ver2.2.4', NULL),
(2669, 54, 15, 'ver3.0.0', '2016-03-25'),
(2670, 14, 29, 'ver1.4.20', '2016-11-06'),
(2671, 31, 89, 'ver3.23.0.2', NULL),
(2672, 27, 21, 'ver23.0.0.205', NULL),
(2673, 27, 87, 'ver49.0.2623.112', '2015-12-01'),
(2674, 22, 1, 'ver24.0.0.180', '2016-12-14'),
(2675, 66, 70, 'ver5.1.50901.0', '2016-10-13'),
(2676, 54, 89, 'ver3.23.0.2', NULL),
(2677, 32, 54, 'ver1.5.4', NULL),
(2678, 23, 73, NULL, NULL),
(2679, 53, 68, 'ver7.3.4.311', '2016-04-03'),
(2680, 75, 2, 'ver4.6', NULL),
(2681, 32, 5, 'ver0.53.00.00', '2016-11-04'),
(2682, 23, 36, 'ver1.2.4.10', '2015-02-05'),
(2683, 11, 59, 'ver451', NULL),
(2684, 75, 68, 'ver5.1.3.1201', '2012-05-22'),
(2685, 60, 21, 'ver23.0.0.207', NULL),
(2686, 74, 34, 'ver8.0.1120.15', '2016-11-07'),
(2687, 43, 64, 'ver42.0.2393.85', NULL),
(2688, 29, 44, 'ver1.0.0', NULL),
(2689, 55, 14, 'ver2.14.0', '2015-02-21'),
(2690, 17, 44, 'ver1.0.0', NULL),
(2691, 56, 34, 'ver8.0.1120.15', '2016-11-24'),
(2692, 6, 68, 'ver7.2.8.1124', '2015-12-08'),
(2693, 68, 69, 'ver16.4.3528.0331', '2016-09-05'),
(2694, 40, 64, 'ver41.0.2353.56', NULL),
(2695, 43, 60, 'ver0.91', '2015-02-03'),
(2696, 47, 75, 'ver5.9.1', '2016-08-19'),
(2697, 63, 60, 'ver0.91', '2016-11-23'),
(2698, 22, 29, 'ver1.4.20', '2016-04-22'),
(2699, 60, 39, 'ver0.67', '2016-11-23'),
(2700, 56, 1, 'ver24.0.0.180', '2016-12-15'),
(2701, 24, 60, 'ver0.91', '2015-02-04'),
(2702, 15, 12, 'ver15.020.20042', '2016-11-05'),
(2703, 62, 57, 'ver5.2.3.3', '2016-11-06'),
(2704, 9, 70, 'ver5.1.50901.0', '2016-10-12'),
(2705, 23, 5, NULL, NULL),
(2706, 32, 103, 'ver12.5.0', '2016-11-03'),
(2707, 21, 14, 'ver2.14.0', '2013-05-20'),
(2708, 53, 28, 'ver6.9.1', NULL),
(2709, 37, 46, 'ver18.0.0.366', NULL),
(2710, 39, 19, 'ver4.42', NULL),
(2711, 34, 46, 'ver24.0.0.186', NULL),
(2712, 53, 83, 'ver3.9.141.259', NULL),
(2713, 47, 74, 'ver4.0.10', '2016-08-19'),
(2714, 73, 28, 'ver7.2.2', NULL),
(2715, 40, 34, 'ver8.0.1010.13', '2016-08-30'),
(2716, 8, 67, 'ver12.2.5.195', NULL),
(2717, 58, 36, 'ver1.2.4.10', '2015-02-14'),
(2718, 12, 78, 'ver3.1.2', NULL),
(2719, 20, 64, 'ver25.0.1614.50', NULL),
(2720, 12, 101, 'ver14.4.19', NULL),
(2721, 21, 85, 'ver0.5.4', '2013-10-05'),
(2722, 21, 57, 'ver5.2.0.4', '2016-08-30'),
(2723, 20, 75, 'ver5.9.3', '2016-12-05'),
(2724, 18, 21, 'ver23.0.0.205', NULL),
(2725, 60, 48, 'ver1.32.3889.0961', '2016-11-23'),
(2726, 47, 30, 'ver2.1.0', '2015-07-24'),
(2727, 63, 97, 'ver2.8.18', '2016-11-23'),
(2728, 31, 7, 'ver2.2.1', NULL),
(2729, 9, 81, 'ver2.35', '2016-04-08'),
(2730, 47, 39, 'ver0.67', '2016-04-10'),
(2731, 15, 74, 'ver4.0.10', '2016-08-19'),
(2732, 71, 36, 'ver1.1.9.13', '2014-12-16'),
(2733, 22, 97, 'ver2.8.18', '2016-07-31'),
(2734, 9, 5, NULL, NULL),
(2735, 55, 64, 'ver41.0.2353.69', NULL),
(2736, 63, 57, 'ver5.2.3.3', '2016-11-23'),
(2737, 33, 30, 'ver2.1.2', '2016-04-14'),
(2738, 56, 90, 'ver5.0.286.0', '2016-11-23'),
(2739, 21, 103, 'ver12.5.0', '2016-11-05'),
(2740, 31, 14, 'ver2.14.0', '2013-08-27'),
(2741, 58, 102, 'ver16.04.00.0', '2016-12-05'),
(2742, 73, 49, 'ver7.1.7.2606', '2016-11-07'),
(2743, 41, 5, NULL, NULL),
(2744, 40, 79, 'ver4.1', NULL),
(2745, 33, 48, 'ver1.32.4066.7445', '2016-12-14'),
(2746, 4, 63, 'ver50.1.0', NULL),
(2747, 60, 30, 'ver2.1.2', '2016-11-23'),
(2748, 34, 103, 'ver12.5.0', '2016-11-05'),
(2749, 8, 60, 'ver0.91', '2015-02-15'),
(2750, 52, 64, 'ver41.0.2353.56', NULL),
(2751, 73, 34, 'ver8.0.1110.14', '2016-10-20'),
(2752, 44, 75, 'ver5.9.2', '2016-09-15'),
(2753, 54, 90, 'ver5.0.286.0', '2016-11-05'),
(2754, 9, 30, 'ver2.1.0', '2015-08-10'),
(2755, 26, 46, 'ver24.0.0.186', NULL),
(2756, 11, 13, 'ver1.16', NULL),
(2757, 50, 87, 'ver55.0.2883.87', '2016-12-13'),
(2758, 15, 19, 'ver4.42', NULL),
(2759, 47, 63, 'ver50.0.2', NULL),
(2760, 25, 64, 'ver41.0.2353.69', NULL),
(2761, 29, 5, 'ver0.53.00.00', '2013-05-20'),
(2762, 63, 78, 'ver3.3.1', '2016-11-24'),
(2763, 1, 44, 'ver1.0.0', NULL),
(2764, 2, 68, 'ver8.1.0.1013', '2016-10-21'),
(2765, 57, 87, 'ver55.0.2883.87', '2013-04-15'),
(2766, 15, 87, 'ver66.208.49239', '2016-12-13'),
(2767, 54, 28, 'ver7.2.2', NULL),
(2768, 21, 76, 'ver3.0', NULL),
(2769, 26, 63, 'ver50.0.2', NULL),
(2770, 26, 9, 'ver5.24', NULL),
(2771, 20, 64, 'ver12.16.1860', NULL),
(2772, 6, 56, 'ver2.0.0.372', NULL),
(2773, 54, 75, 'ver5.9.3', '2016-12-12'),
(2774, 76, 94, NULL, NULL),
(2775, 34, 22, 'ver4.5.7.6282', '2016-08-19'),
(2776, 59, 46, 'ver24.0.0.186', NULL),
(2777, 41, 88, 'ver2.2.4', NULL),
(2778, 12, 36, 'ver1.2.8.12', '2016-05-03'),
(2779, 68, 70, 'ver5.1.50428.0', '2016-09-09'),
(2780, 14, 46, 'ver23.0.0.205', NULL),
(2781, 10, 84, 'ver10.7.144.0', '2016-10-11'),
(2782, 22, 5, NULL, NULL),
(2783, 11, 64, 'ver42.0.2393.85', NULL),
(2784, 65, 68, 'ver8.0.2.805', '2016-09-08'),
(2785, 59, 1, 'ver24.0.0.180', '2016-12-13'),
(2786, 23, 21, 'ver23.0.0.207', NULL),
(2787, 23, 57, 'ver5.2.0.4', '2016-08-24'),
(2788, 70, 81, 'ver2.38', '2016-11-05'),
(2789, 14, 90, 'ver5.0.286.0', '2016-11-06'),
(2790, 45, 86, 'ver2.5.8.0', '2015-06-25'),
(2791, 47, 87, 'ver55.0.2883.75', '2016-12-08'),
(2792, 70, 103, 'ver12.5.0', '2016-11-05'),
(2793, 8, 87, 'ver55.0.2883.87', '2016-12-13'),
(2794, 36, 82, 'ver15.4.3502.0922', '2011-07-21'),
(2795, 66, 9, 'ver5.22', NULL),
(2796, 14, 88, 'ver2.2.4', NULL),
(2797, 42, 2, 'ver4.6', NULL),
(2798, 28, 74, 'ver4.0.10', '2016-08-19'),
(2799, 60, 34, 'ver8.0.1120.15', '2016-11-24'),
(2800, 63, 46, 'ver23.0.0.207', NULL),
(2801, 67, 39, 'ver0.67', '2016-03-07'),
(2802, 71, 67, 'ver12.2.5.195', NULL),
(2803, 55, 89, 'ver3.22.2.2', NULL),
(2804, 45, 1, 'ver24.0.0.180', '2016-12-14'),
(2805, 56, 30, 'ver2.1.2', '2016-11-23'),
(2806, 32, 74, 'ver4.0.12', '2016-11-03'),
(2807, 66, 90, 'ver5.0.235.0', '2016-05-12'),
(2808, 20, 103, 'ver12.3.5', '2016-08-19'),
(2809, 22, 49, 'ver7.1.7.2606', '2016-11-02'),
(2810, 35, 42, 'ver2.4.1', '2016-12-02'),
(2811, 33, 89, 'ver3.23.0.2', NULL),
(2812, 56, 57, 'ver5.2.3.3', '2016-11-23'),
(2813, 45, 48, 'ver1.32.3889.0961', '2016-11-30'),
(2814, 61, 67, 'ver12.2.5.195', NULL),
(2815, 59, 97, 'ver2.8.18', '2016-08-10'),
(2816, 40, 85, 'ver0.5.7', '2014-02-22'),
(2817, 70, 74, 'ver4.0.12', '2016-11-05'),
(2818, 12, 88, 'ver2.2.4', NULL),
(2819, 25, 103, 'ver12.6.0', '2016-11-23'),
(2820, 14, 63, 'ver49.0.2', NULL),
(2821, 31, 75, 'ver5.9.3', '2016-12-01'),
(2822, 70, 88, 'ver2.2.4', NULL),
(2823, 76, 75, 'ver5.9.3', '2016-12-04'),
(2824, 39, 81, 'ver2.39', '2016-12-13'),
(2825, 25, 102, 'ver16.04', NULL),
(2826, 28, 19, 'ver4.42', NULL),
(2827, 8, 103, 'ver12.1.0', '2016-04-25'),
(2828, 67, 63, 'ver50.1.0', NULL),
(2829, 4, 90, 'ver5.0.286.0', '2016-11-23'),
(2830, 38, 85, 'ver0.7.6', '2016-11-24'),
(2831, 21, 60, 'ver0.91', '2016-08-30'),
(2832, 54, 69, 'ver16.4.3528.0331', '2014-07-25'),
(2833, 6, 102, 'ver16.03.00.0', '2016-09-30'),
(2834, 41, 28, 'ver7.2.2', NULL),
(2835, 70, 67, 'ver12.2.5.195', NULL),
(2836, 9, 42, 'ver2.4.1', '2016-12-05'),
(2837, 7, 63, 'ver50.1.0', NULL),
(2838, 51, 9, 'ver5.22', NULL),
(2839, 31, 90, 'ver5.0.268.0', '2016-08-24'),
(2840, 37, 88, 'ver2.2.4', NULL),
(2841, 44, 83, 'ver3.9.141.259', NULL),
(2842, 42, 88, 'ver2.0.3', NULL),
(2843, 21, 74, 'ver4.0.10', '2016-08-30'),
(2844, 33, 34, 'ver8.0.1120.15', '2016-12-05'),
(2845, 12, 89, 'ver3.22.2.2', NULL),
(2846, 62, 30, 'ver2.0.6', '2014-11-19'),
(2847, 60, 29, 'ver1.4.20', '2016-11-24'),
(2848, 46, 21, 'ver23.0.0.207', NULL),
(2849, 38, 81, 'ver2.39', '2016-11-23'),
(2850, 11, 5, 'ver0.53.00.00', '2016-11-04'),
(2851, 47, 38, 'ver4', '2014-02-12'),
(2852, 21, 81, 'ver2.36', '2016-05-09'),
(2853, 45, 30, 'ver2.1.2', '2016-04-12'),
(2854, 67, 102, 'ver16.04.00.0', '2016-12-05'),
(2855, 61, 28, 'ver7.2', NULL),
(2856, 57, 88, 'ver1.1.11', NULL),
(2857, 43, 49, 'ver7.1.7.2606', '2016-11-07'),
(2858, 37, 53, 'ver11.0.16', '2016-08-23'),
(2859, 67, 68, 'ver8.0.2.805', '2016-08-21'),
(2860, 33, 103, 'ver12.3.5', '2016-08-21'),
(2861, 32, 97, 'ver2.8.18', '2016-11-03'),
(2862, 75, 21, 'ver23.0.0.205', NULL),
(2863, 62, 97, 'ver2.8.18', '2016-08-22'),
(2864, 55, 97, 'ver2.8.18', '2016-09-05'),
(2865, 12, 102, 'ver16.04.00.0', '2016-11-05'),
(2866, 5, 90, 'ver4.0.15.0', '2016-03-09'),
(2867, 43, 48, 'ver1.32.3889.0961', '2016-11-22'),
(2868, 24, 49, 'ver7.1.7.2600', '2016-09-08'),
(2869, 56, 68, 'ver8.1.1.1115', '2016-11-23'),
(2870, 67, 21, 'ver24.0.0.186', NULL),
(2871, 73, 86, 'ver2.5.8.0', '2014-02-07'),
(2872, 68, 84, 'ver10.7.144.0', '2012-10-12'),
(2873, 52, 9, 'ver5.23', NULL),
(2874, 52, 86, 'ver2.5.8.0', '2015-06-25'),
(2875, 20, 87, 'ver55.0.2883.87', '2016-12-12'),
(2876, 8, 75, 'ver5.9.3', '2016-12-01'),
(2877, 41, 60, 'ver0.91', '2015-05-25'),
(2878, 4, 57, 'ver5.2.3.3', '2016-11-23'),
(2879, 45, 87, 'ver55.0.2883.87', '2016-12-14'),
(2880, 50, 21, 'ver24.0.0.186', NULL),
(2881, 67, 42, 'ver2.4.1', '2016-12-05'),
(2882, 48, 67, 'ver12.2.5.195', NULL),
(2883, 54, 19, 'ver4.42', NULL),
(2884, 65, 1, 'ver22.0.0.153', '2016-09-08'),
(2885, 12, 7, 'ver2.2.1', NULL),
(2886, 6, 2, 'ver5.5', NULL),
(2887, 29, 34, 'ver7.0.750', '2015-02-18'),
(2888, 51, 88, 'ver2.2.4', NULL),
(2889, 20, 60, 'ver0.91', '2015-02-09'),
(2890, 28, 102, 'ver16.04.00.0', '2016-11-05'),
(2891, 32, 1, 'ver23.0.0.257', '2016-11-03'),
(2892, 41, 86, 'ver2.5.8.0', '2014-11-24'),
(2893, 56, 28, 'ver7.2.2', NULL),
(2894, 45, 57, 'ver5.2.1.2', '2016-09-11'),
(2895, 32, 29, 'ver1.4.20', '2016-11-03'),
(2896, 31, 74, 'ver4.0.10', '2016-08-24'),
(2897, 41, 67, 'ver12.2.5.195', NULL),
(2898, 59, 83, 'ver3.9.141.259', NULL),
(2899, 54, 86, 'ver2.5.8.0', '2014-04-02'),
(2900, 20, 48, 'ver1.32.4066.7445', '2016-12-12'),
(2901, 31, 96, NULL, '2012-11-02'),
(2902, 55, 68, 'ver7.3.4.311', '2016-04-11'),
(2903, 29, 76, 'ver3.0', NULL),
(2904, 20, 78, 'ver3.2.2', NULL),
(2905, 48, 63, 'ver50.0.2', NULL),
(2906, 61, 5, 'ver0.53.00.00', '2015-06-25'),
(2907, 66, 75, 'ver5.9.2', '2016-09-23'),
(2908, 57, 34, 'ver7.0.800', '2016-10-05'),
(2909, 66, 81, 'ver2.35', '2016-05-01'),
(2910, 68, 21, 'ver24.0.0.186', NULL),
(2911, 64, 2, 'ver5.5', NULL),
(2912, 74, 102, 'ver16.04.00.0', '2016-11-07'),
(2913, 20, 62, 'ver7.30.105', '2016-11-23'),
(2914, 24, 36, 'ver1.2.4.10', '2015-02-04'),
(2915, 31, 49, 'ver7.1.7.2606', '2016-11-07'),
(2916, 23, 74, 'ver4.0.10', '2016-08-24'),
(2917, 29, 87, 'ver54.0.2840.71', '2016-10-21'),
(2918, 38, 88, 'ver2.2.4', NULL),
(2919, 24, 97, 'ver2.8.18', '2016-08-03'),
(2920, 14, 74, 'ver4.0.12', '2016-11-06'),
(2921, 20, 89, 'ver3.23.0.2', NULL),
(2922, 14, 83, 'ver3.9.141.259', NULL),
(2923, 61, 63, 'ver49.0.2', NULL),
(2924, 13, 42, 'ver2.4.1', '2016-12-06'),
(2925, 34, 44, 'ver1.0.0', NULL),
(2926, 28, 21, 'ver23.0.0.207', NULL),
(2927, 63, 85, 'ver0.7.6', '2016-11-24'),
(2928, 22, 39, 'ver0.67', '2016-03-23'),
(2929, 24, 30, 'ver2.1.2', '2016-08-24'),
(2930, 26, 88, 'ver2.2.4', NULL),
(2931, 28, 30, 'ver2.1.2', '2016-04-05'),
(2932, 12, 19, 'ver4.42', NULL),
(2933, 13, 29, 'ver1.4.20', '2016-05-17'),
(2934, 13, 89, 'ver3.22.2.2', NULL),
(2935, 22, 60, 'ver0.91', '2015-02-05'),
(2936, 64, 63, 'ver50.1.0', NULL),
(2937, 68, 55, 'ver16.4.3528.0331', '2016-09-05'),
(2938, 71, 57, 'ver5.2.0.4', '2016-08-19'),
(2939, 43, 12, 'ver15.020.20042', '2016-11-07'),
(2940, 11, 87, 'ver55.0.2883.87', '2016-12-14'),
(2941, 24, 29, 'ver1.4.20', '2016-04-27'),
(2942, 25, 42, 'ver2.4.1', '2016-11-23'),
(2943, 8, 83, 'ver3.9.141.259', NULL),
(2944, 20, 96, NULL, '2014-08-19'),
(2945, 11, 22, 'ver4.5.7.6389', '2016-11-04'),
(2946, 38, 19, 'ver4.42', NULL),
(2947, 40, 70, 'ver5.1.50901.0', '2016-10-17'),
(2948, 14, 42, 'ver2.4.0', '2016-11-06'),
(2949, 12, 85, 'ver0.5.4', '2012-11-02'),
(2950, 69, 102, 'ver9.10', NULL),
(2951, 76, 49, 'ver7.1.7.2606', '2016-11-06'),
(2952, 33, 86, 'ver2.5.8.0', '2014-08-28'),
(2953, 47, 9, 'ver5.21', NULL),
(2954, 11, 75, 'ver5.9.3', '2016-12-09'),
(2955, 32, 63, 'ver50.0.2', NULL),
(2956, 38, 46, 'ver24.0.0.186', NULL),
(2957, 42, 55, 'ver15.4.3508.1109', NULL),
(2958, 62, 94, NULL, NULL),
(2959, 57, 57, 'ver5.1.6.2', '2016-11-09'),
(2960, 28, 12, 'ver15.020.20042', '2016-11-05'),
(2961, 62, 14, 'ver2.14.0', '2013-05-16'),
(2962, 1, 12, 'ver15.020.20042', '2016-11-22'),
(2963, 38, 12, 'ver15.020.20042', '2016-11-24'),
(2964, 61, 90, 'ver5.0.286.0', '2016-11-05'),
(2965, 61, 102, 'ver16.02', NULL),
(2966, 31, 64, 'ver12.16.1860', NULL),
(2967, 15, 1, 'ver24.0.0.180', '2016-12-14'),
(2968, 55, 96, NULL, '2014-08-23'),
(2969, 43, 29, 'ver1.4.20', '2016-04-25'),
(2970, 35, 70, 'ver5.1.50901.0', '2016-10-12'),
(2971, 31, 34, 'ver8.0.1120.15', '2016-11-07'),
(2972, 53, 42, 'ver2.3.0', '2016-04-03'),
(2973, 32, 67, 'ver12.2.5.195', NULL),
(2974, 28, 67, 'ver12.2.5.195', NULL),
(2975, 19, 70, 'ver5.1.50901.0', '2016-10-12'),
(2976, 76, 42, 'ver2.4.1', '2016-12-04'),
(2977, 48, 89, 'ver3.22.1', NULL),
(2978, 55, 63, 'ver50.0', NULL),
(2979, 29, 60, 'ver0.91', '2016-06-13'),
(2980, 30, 63, 'ver50.1.0', NULL),
(2981, 29, 14, 'ver2.14.0', '2013-05-20'),
(2982, 12, 97, 'ver2.8.18', '2016-08-19'),
(2983, 21, 87, 'ver54.0.2840.87', '2016-11-05'),
(2984, 22, 64, 'ver12.16.1860', NULL),
(2985, 6, 21, 'ver24.0.0.186', NULL),
(2986, 16, 22, 'ver4.5.7.6452', '2016-11-30'),
(2987, 65, 64, 'ver41.0.2353.69', NULL),
(2988, 8, 12, 'ver15.020.20042', '2016-11-07'),
(2989, 62, 23, 'ver8.0.250.18', '2014-11-19'),
(2990, 58, 68, 'ver8.0.2.805', '2016-09-02'),
(2991, 40, 9, 'ver5.16', NULL),
(2992, 44, 103, 'ver12.5.5', '2016-11-12'),
(2993, 37, 9, 'ver5.24', NULL),
(2994, 29, 78, 'ver3.2.2', NULL),
(2995, 54, 20, 'ver2.77.0', '2016-03-25'),
(2996, 21, 12, 'ver15.020.20042', '2016-11-05'),
(2997, 43, 67, 'ver12.2.5.195', NULL),
(2998, 69, 102, 'ver16.04.00.0', '2016-10-28'),
(2999, 12, 30, 'ver2.1.2', '2016-04-07'),
(3000, 14, 1, 'ver23.0.0.257', '2016-09-21'),
(3001, 7, 30, 'ver2.1.0', '2015-04-01'),
(3002, 31, 39, 'ver0.67', '2016-03-07'),
(3003, 60, 81, 'ver2.39', '2016-11-23'),
(3004, 59, 60, 'ver0.91', '2015-09-12'),
(3005, 56, 96, NULL, '2016-11-23'),
(3006, 15, 46, 'ver24.0.0.186', NULL),
(3007, 20, 97, 'ver2.8.18', '2016-08-19'),
(3008, 25, 9, 'ver5.24', NULL),
(3009, 51, 27, 'ver6.7.0', '2011-08-09'),
(3010, 54, 23, 'ver8.0.600.27', '2015-08-25'),
(3011, 35, 90, 'ver5.0.214.0', '2016-04-06'),
(3012, 65, 42, 'ver2.3.2', '2016-09-08'),
(3013, 9, 103, 'ver12.0.5', '2016-04-08'),
(3014, 21, 68, 'ver8.1.0.1013', '2016-11-05'),
(3015, 35, 102, 'ver16.04.00.0', '2016-11-07'),
(3016, 35, 96, NULL, '2016-04-06'),
(3017, 62, 9, 'ver5.22', NULL),
(3018, 15, 68, 'ver8.0.2.805', '2016-08-19'),
(3019, 57, 63, 'ver49.0.2', NULL),
(3020, 7, 68, 'ver6.1.4.217', '2014-04-04'),
(3021, 15, 83, 'ver3.9.141.259', NULL),
(3022, 34, 75, 'ver5.9.3', '2016-12-05'),
(3023, 57, 21, 'ver24.0.0.186', NULL),
(3024, 60, 97, 'ver2.8.18', '2016-11-23'),
(3025, 57, 90, 'ver4.4.19.0', '2014-03-12'),
(3026, 11, 85, 'ver0.7.6', '2016-11-04'),
(3027, 7, 34, 'ver8.0.1110.14', '2016-10-20'),
(3028, 31, 46, 'ver23.0.0.207', NULL),
(3029, 53, 75, 'ver5.7.7', '2016-04-03'),
(3030, 15, 49, 'ver7.1.7.2606', '2016-11-05'),
(3031, 40, 90, 'ver5.0.271.0', '2016-08-30'),
(3032, 29, 81, 'ver2.36', '2016-09-10'),
(3033, 42, 48, 'ver1.32.3889.0961', '2016-12-02'),
(3034, 33, 74, 'ver4.0.10', '2016-08-30'),
(3035, 5, 34, 'ver8.0.1010.13', '2016-09-21'),
(3036, 70, 89, 'ver3.23.0.2', NULL),
(3037, 39, 1, 'ver24.0.0.180', '2016-12-14'),
(3038, 54, 74, 'ver4.0.12', '2016-11-05'),
(3039, 67, 60, 'ver0.91', '2015-02-14'),
(3040, 23, 64, 'ver12.16.1860', NULL),
(3041, 40, 48, 'ver1.32.3592.6117', '2016-11-11'),
(3042, 28, 63, 'ver50.0.2', NULL),
(3043, 53, 67, 'ver12.2.4.194', NULL),
(3044, 8, 19, 'ver4.42', NULL),
(3045, 38, 74, 'ver4.0.12', '2016-11-23'),
(3046, 39, 103, 'ver12.7.0', '2016-12-13'),
(3047, 14, 94, NULL, NULL),
(3048, 66, 63, 'ver50.0.2', NULL),
(3049, 20, 67, 'ver12.2.5.195', NULL),
(3050, 15, 63, 'ver50.1.0', NULL),
(3051, 70, 57, 'ver5.2.3.3', '2016-11-05'),
(3052, 23, 9, 'ver5.18', NULL),
(3053, 29, 22, 'ver4.5.7.6389', '2016-11-21'),
(3054, 29, 88, 'ver2.2.4', NULL),
(3055, 58, 5, NULL, NULL),
(3056, 30, 21, 'ver23.0.0.205', NULL),
(3057, 61, 103, 'ver12.5.0', '2016-11-05'),
(3058, 21, 102, 'ver16.04.00.0', '2016-11-05'),
(3059, 70, 49, 'ver7.1.7.2606', '2016-10-31'),
(3060, 59, 14, 'ver2.14.0', '2015-09-12'),
(3061, 36, 57, 'ver5.1.6.2', '2016-11-16'),
(3062, 9, 14, 'ver2.14.0', '2014-10-28'),
(3063, 39, 29, 'ver1.4.20', '2016-04-25'),
(3064, 21, 90, 'ver5.0.271.0', '2016-08-30'),
(3065, 56, 29, 'ver1.4.20', '2016-11-24'),
(3066, 29, 57, 'ver5.2.1.2', '2016-09-10'),
(3067, 54, 63, 'ver50.0.2', NULL),
(3068, 25, 28, 'ver7.2.1', NULL),
(3069, 9, 23, 'ver8.0.250.18', '2014-10-28'),
(3070, 29, 39, 'ver0.67', '2016-03-08'),
(3071, 31, 63, 'ver50.0.2', NULL),
(3072, 22, 65, 'ver4.9.9.2', NULL),
(3073, 47, 70, 'ver5.1.50901.0', '2016-10-14'),
(3074, 32, 49, 'ver7.1.7.2606', '2016-11-04'),
(3075, 4, 29, 'ver1.4.20', '2016-11-24'),
(3076, 73, 103, 'ver12.3.5', '2016-08-20'),
(3077, 11, 11, 'ver4.94', NULL),
(3078, 71, 19, 'ver4.42', NULL),
(3079, 12, 102, 'ver15.14', NULL),
(3080, 28, 97, 'ver2.8.18', '2016-08-19'),
(3081, 41, 12, 'ver15.020.20042', '2016-11-07'),
(3082, 63, 75, 'ver5.9.2', '2016-11-23'),
(3083, 16, 28, 'ver7.2.2', NULL),
(3084, 32, 59, 'ver255', '2016-11-04'),
(3085, 33, 75, 'ver5.9.3', '2016-12-05'),
(3086, 69, 63, 'ver50.1.0', NULL),
(3087, 25, 30, 'ver2.1.2', '2016-11-23'),
(3088, 40, 49, 'ver7.1.7.2606', '2016-11-24'),
(3089, 41, 22, 'ver4.5.7.6452', '2016-12-05'),
(3090, 33, 49, 'ver7.1.7.2606', '2016-11-28'),
(3091, 67, 19, 'ver4.42', NULL),
(3092, 13, 19, 'ver4.42', NULL),
(3093, 8, 76, 'ver3.0', NULL),
(3094, 62, 7, 'ver2.2.2', '2013-05-16'),
(3095, 15, 57, 'ver5.2.2.2', '2016-11-05'),
(3096, 58, 86, 'ver2.5.8.0', '2014-06-21'),
(3097, 12, 64, 'ver41.0.2353.69', NULL),
(3098, 11, 14, 'ver2.14.0', '2016-11-04'),
(3099, 8, 81, 'ver2.35', '2016-03-21'),
(3100, 35, 64, 'ver41.0.2353.69', NULL),
(3101, 57, 90, 'ver5.0.57.0', '2015-01-26'),
(3102, 72, 46, 'ver24.0.0.186', NULL),
(3103, 60, 87, 'ver54.0.2840.99', '2016-11-23'),
(3104, 70, 9, 'ver5.24', NULL),
(3105, 10, 2, 'ver5.9', NULL),
(3106, 62, 36, 'ver1.2.8.12', '2015-12-14'),
(3107, 41, 89, 'ver3.23.0.2', NULL),
(3108, 34, 81, 'ver2.38', '2016-11-05'),
(3109, 9, 96, NULL, '2014-10-28'),
(3110, 52, 68, 'ver8.1.0.1013', '2016-11-06'),
(3111, 13, 34, 'ver8.0.1120.15', '2016-11-05'),
(3112, 41, 46, 'ver23.0.0.207', NULL),
(3113, 22, 102, 'ver16.02', NULL),
(3114, 22, 81, 'ver2.36', '2016-08-19'),
(3115, 43, 74, 'ver4.0.9', '2016-04-11'),
(3116, 34, 30, 'ver2.1.2', '2016-04-10'),
(3117, 4, 87, 'ver66.208.49239', '2016-12-14'),
(3118, 32, 95, 'ver14.0.23107', '2016-11-03'),
(3119, 58, 64, 'ver41.0.2353.69', NULL),
(3120, 44, 60, 'ver0.91', '2015-06-24'),
(3121, 32, 102, 'ver16.04', NULL),
(3122, 45, 70, 'ver5.1.50901.0', '2016-10-12'),
(3123, 68, 62, 'ver7.27.101', '2016-09-05'),
(3124, 12, 42, 'ver2.4.1', '2016-12-05'),
(3125, 53, 57, 'ver5.1.1.3', '2016-04-03'),
(3126, 70, 5, NULL, NULL),
(3127, 9, 12, 'ver15.020.20042', '2016-11-07'),
(3128, 69, 12, 'ver15.020.20042', '2016-11-07'),
(3129, 18, 22, 'ver4.2.7.1893', '2010-02-26'),
(3130, 43, 75, 'ver5.9.2', '2016-09-15'),
(3131, 13, 87, 'ver54.0.2840.99', '2016-11-11'),
(3132, 39, 20, 'ver2.68a', NULL),
(3133, 49, 55, 'ver15.4.3508.1109', NULL),
(3134, 12, 25, 'ver12.0.6612.1000', '2016-12-05'),
(3135, 21, 86, 'ver2.5.8.0', '2014-08-30'),
(3136, 76, 90, 'ver5.0.229.0', '2016-04-25'),
(3137, 62, 49, 'ver7.1.7.2606', '2016-11-06'),
(3138, 33, 12, 'ver15.020.20042', '2016-11-07'),
(3139, 66, 87, 'ver66.208.49227', '2016-12-08'),
(3140, 73, 9, 'ver5.22', NULL),
(3141, 13, 103, 'ver12.3.5', '2016-08-30'),
(3142, 31, 19, 'ver4.42', NULL),
(3143, 40, 5, NULL, NULL),
(3144, 6, 102, 'ver9.22', NULL),
(3145, 61, 88, 'ver2.2.4', NULL);

--
-- Indexek a kiírt táblákhoz
--

--
-- A tábla indexei `gep`
--
ALTER TABLE `gep`
  ADD PRIMARY KEY (`id`);

--
-- A tábla indexei `szoftver`
--
ALTER TABLE `szoftver`
  ADD PRIMARY KEY (`id`);

--
-- A tábla indexei `telepites`
--
ALTER TABLE `telepites`
  ADD PRIMARY KEY (`id`),
  ADD KEY `FKql4hs86cp39no1q7678wciheu` (`gepid`),
  ADD KEY `FKk0r7n9naofpkpihe4pc7c5bgo` (`szoftverid`);

--
-- A kiírt táblák AUTO_INCREMENT értéke
--

--
-- AUTO_INCREMENT a táblához `gep`
--
ALTER TABLE `gep`
  MODIFY `id` int(50) NOT NULL AUTO_INCREMENT, AUTO_INCREMENT=77;

--
-- AUTO_INCREMENT a táblához `szoftver`
--
ALTER TABLE `szoftver`
  MODIFY `id` int(50) NOT NULL AUTO_INCREMENT, AUTO_INCREMENT=106;

--
-- AUTO_INCREMENT a táblához `telepites`
--
ALTER TABLE `telepites`
  MODIFY `id` int(50) NOT NULL AUTO_INCREMENT, AUTO_INCREMENT=3146;

--
-- Megkötések a kiírt táblákhoz
--

--
-- Megkötések a táblához `telepites`
--
ALTER TABLE `telepites`
  ADD CONSTRAINT `FKk0r7n9naofpkpihe4pc7c5bgo` FOREIGN KEY (`szoftverid`) REFERENCES `szoftver` (`id`),
  ADD CONSTRAINT `FKql4hs86cp39no1q7678wciheu` FOREIGN KEY (`gepid`) REFERENCES `gep` (`id`);
COMMIT;

/*!40101 SET CHARACTER_SET_CLIENT=@OLD_CHARACTER_SET_CLIENT */;
/*!40101 SET CHARACTER_SET_RESULTS=@OLD_CHARACTER_SET_RESULTS */;
/*!40101 SET COLLATION_CONNECTION=@OLD_COLLATION_CONNECTION */;
